Cyclone_ID,Landfall_Date,Cyclone_System_Name,Latitude,Longitude,Wind_Speed_kmh,Central_Pressure_hpa,Storm_Category,Coastal_Landfall_Site,Casualties,Economic_Loss_USD_Millions
CYC-2018-1000,2021-10-06,Amphan-2018,10.747,81.1549,151.1,958.6,Cat 3,Zone-1,132,314.39
CYC-2019-1001,2019-09-18,Fani-2019,13.9102,82.8482,149.3,959.3,Cat 3,Zone-2,129,306.21
CYC-2020-1002,2019-01-30,Tauktae-2020,12.4907,77.2917,183.3,947.0,Cat 4,Zone-3,187,480.89
CYC-2021-1003,2019-10-31,Biparjoy-2021,14.0351,77.6321,70.4,987.7,Cat 1,Zone-4,33,58.58
CYC-2022-1004,2018-08-11,Michaung-2022,19.305,83.9254,93.8,979.2,Cat 2,Zone-5,56,110.14
CYC-2023-1005,2020-07-12,Remal-2023,15.4502,70.5718,139.4,962.8,Cat 3,Zone-6,114,263.31
CYC-2024-1006,2018-07-07,Yaas-2024,21.5492,85.3741,143.2,961.4,Cat 3,Zone-7,120,279.36
CYC-2025-1007,2020-08-17,Nivar-2025,21.2551,70.4106,94.6,978.9,Cat 2,Zone-8,57,112.21
CYC-2018-1008,2019-06-02,Gulab-2018,17.9078,77.7413,70.9,987.5,Cat 1,Zone-9,33,59.5
CYC-2019-1009,2020-07-09,Sitrang-2019,20.2314,75.3758,243.3,925.4,Cat 5,Zone-10,312,896.61
CYC-2020-1010,2022-09-25,Amphan-2020,15.5736,89.4161,194.2,943.1,Cat 4,Zone-11,208,546.06
CYC-2021-1011,2022-11-10,Fani-2021,18.8315,80.6885,241.3,926.1,Cat 5,Zone-12,308,880.47
CYC-2022-1012,2021-04-09,Tauktae-2022,20.6613,80.6204,215.4,935.5,Cat 5,Zone-1,251,685.85
CYC-2023-1013,2023-09-27,Biparjoy-2023,20.987,87.7074,107.7,974.2,Cat 2,Zone-2,72,149.27
CYC-2024-1014,2018-06-22,Michaung-2024,10.9495,82.983,78.8,984.6,Cat 1,Zone-3,41,75.07
CYC-2025-1015,2020-11-05,Remal-2025,10.4436,69.6996,141.0,962.2,Cat 3,Zone-4,117,270.01
CYC-2018-1016,2020-02-10,Yaas-2018,19.9688,91.3818,148.5,959.5,Cat 3,Zone-5,128,302.61
CYC-2019-1017,2019-09-18,Nivar-2019,17.3474,68.6302,136.6,963.8,Cat 3,Zone-6,110,251.81
CYC-2020-1018,2022-04-22,Gulab-2020,15.0336,76.1283,208.8,937.8,Cat 5,Zone-7,237,640.47
CYC-2021-1019,2023-10-16,Sitrang-2021,20.2759,81.0451,110.3,973.3,Cat 2,Zone-8,75,157.31
CYC-2022-1020,2020-06-03,Amphan-2022,18.5342,73.0122,102.4,976.1,Cat 2,Zone-9,65,133.58
CYC-2023-1021,2020-07-30,Fani-2023,14.4132,87.015,69.6,987.9,Cat 1,Zone-10,32,57.13
CYC-2024-1022,2018-09-06,Tauktae-2024,9.3375,77.5046,251.8,922.4,Cat 5,Zone-11,332,966.97
CYC-2025-1023,2020-04-14,Biparjoy-2025,11.2458,70.5965,186.8,945.8,Cat 4,Zone-12,194,501.32
CYC-2018-1024,2020-07-30,Michaung-2018,17.1051,86.1679,207.4,938.3,Cat 5,Zone-1,234,631.06
CYC-2019-1025,2019-11-09,Remal-2019,19.3515,78.4899,88.5,981.1,Cat 2,Zone-2,50,96.91
CYC-2020-1026,2021-02-12,Yaas-2020,16.0487,73.098,104.6,975.3,Cat 2,Zone-3,68,139.98
CYC-2021-1027,2018-07-29,Nivar-2021,21.0279,78.2802,128.0,966.9,Cat 3,Zone-4,98,218.25
CYC-2022-1028,2023-02-21,Gulab-2022,15.8613,83.287,249.8,923.1,Cat 5,Zone-5,327,950.15
CYC-2023-1029,2018-09-25,Sitrang-2023,10.0873,90.9877,141.8,962.0,Cat 3,Zone-6,118,273.39
CYC-2024-1030,2023-02-12,Amphan-2024,18.1358,83.8868,148.8,959.4,Cat 3,Zone-7,129,303.96
CYC-2025-1031,2021-02-16,Fani-2025,18.6991,81.9419,183.9,946.8,Cat 4,Zone-8,188,484.36
CYC-2018-1032,2023-11-10,Tauktae-2018,12.853,72.8363,218.4,934.4,Cat 5,Zone-9,257,707.04
CYC-2019-1033,2023-09-24,Biparjoy-2019,16.7841,81.5885,181.3,947.7,Cat 4,Zone-10,184,469.42
CYC-2020-1034,2021-10-30,Michaung-2020,11.8224,73.8682,91.0,980.2,Cat 2,Zone-11,53,103.03
CYC-2021-1035,2024-09-08,Remal-2021,18.3673,88.6953,130.6,966.0,Cat 3,Zone-12,102,228.12
CYC-2022-1036,2019-06-14,Yaas-2022,20.2225,85.8255,190.3,944.5,Cat 4,Zone-1,200,522.22
CYC-2023-1037,2023-01-17,Nivar-2023,11.6677,91.5068,216.5,935.1,Cat 5,Zone-2,253,693.58
CYC-2024-1038,2020-10-07,Gulab-2024,17.6174,74.9428,226.4,931.5,Cat 5,Zone-3,274,765.28
CYC-2025-1039,2018-04-10,Sitrang-2025,13.9717,72.4629,86.1,982.0,Cat 2,Zone-4,48,91.22
CYC-2018-1040,2021-09-15,Amphan-2018,11.7452,87.6814,254.2,921.5,Cat 5,Zone-5,338,987.36
CYC-2019-1041,2018-09-01,Fani-2019,14.6225,87.2495,214.9,935.6,Cat 5,Zone-6,250,682.35
CYC-2020-1042,2020-05-05,Tauktae-2020,12.8859,78.8925,178.0,948.9,Cat 4,Zone-7,178,450.83
CYC-2021-1043,2022-09-13,Biparjoy-2021,15.2515,73.4347,175.1,950.0,Cat 4,Zone-8,172,434.83
CYC-2022-1044,2018-07-04,Michaung-2022,10.8966,87.0954,185.0,946.4,Cat 4,Zone-9,190,490.76
CYC-2023-1045,2020-09-29,Remal-2023,11.8384,70.7253,86.7,981.8,Cat 2,Zone-10,48,92.63
CYC-2024-1046,2023-07-11,Yaas-2024,11.2166,68.8545,217.9,934.6,Cat 5,Zone-11,256,703.49
CYC-2025-1047,2022-06-06,Nivar-2025,19.9313,82.4328,247.6,923.9,Cat 5,Zone-12,322,931.84
CYC-2018-1048,2018-11-16,Gulab-2018,18.8437,73.018,151.1,958.6,Cat 3,Zone-1,132,314.39
CYC-2019-1049,2022-11-03,Sitrang-2019,8.2087,71.1057,112.8,972.4,Cat 2,Zone-2,78,165.26
CYC-2020-1050,2018-10-10,Amphan-2020,14.8242,71.3127,192.9,943.6,Cat 4,Zone-3,205,538.05
CYC-2021-1051,2020-12-06,Fani-2021,11.0133,75.7767,163.7,954.1,Cat 4,Zone-4,153,374.97
CYC-2022-1052,2020-03-11,Tauktae-2022,13.4837,71.6954,136.6,963.8,Cat 3,Zone-5,110,251.81
CYC-2023-1053,2024-01-21,Biparjoy-2023,21.251,73.9165,217.6,934.7,Cat 5,Zone-6,255,701.36
CYC-2024-1054,2021-12-28,Michaung-2024,16.5964,88.6605,208.1,938.1,Cat 5,Zone-7,235,635.75
CYC-2025-1055,2019-04-19,Remal-2025,13.1107,89.106,72.5,986.9,Cat 1,Zone-8,35,62.49
CYC-2018-1056,2020-06-22,Yaas-2018,10.5699,78.1915,139.5,962.8,Cat 3,Zone-9,114,263.73
CYC-2019-1057,2024-05-29,Nivar-2019,15.751,88.3197,163.5,954.1,Cat 4,Zone-10,152,373.96
CYC-2020-1058,2022-04-18,Gulab-2020,9.0176,85.1389,198.5,941.5,Cat 4,Zone-11,216,573.01
CYC-2021-1059,2021-04-23,Sitrang-2021,19.491,69.4161,237.2,927.6,Cat 5,Zone-12,298,847.9
CYC-2022-1060,2019-05-31,Amphan-2022,11.2675,90.5902,176.9,949.3,Cat 4,Zone-1,176,444.72
CYC-2023-1061,2022-07-22,Fani-2023,14.2955,87.3364,95.7,978.5,Cat 2,Zone-2,58,115.11
CYC-2024-1062,2022-06-17,Tauktae-2024,20.9371,91.2673,160.5,955.2,Cat 4,Zone-3,147,359.03
CYC-2025-1063,2019-10-11,Biparjoy-2025,17.2207,91.4105,230.7,929.9,Cat 5,Zone-4,284,797.62
CYC-2018-1064,2023-08-17,Michaung-2018,16.1387,76.4438,109.2,973.7,Cat 2,Zone-5,73,153.88
CYC-2019-1065,2023-10-22,Remal-2019,15.126,91.7983,251.8,922.4,Cat 5,Zone-6,332,966.97
CYC-2020-1066,2023-07-03,Yaas-2020,14.884,71.0658,65.9,989.3,Cat 1,Zone-7,29,50.66
CYC-2021-1067,2021-09-30,Nivar-2021,9.422,75.8804,79.3,984.5,Cat 1,Zone-8,41,76.12
CYC-2022-1068,2023-08-27,Gulab-2022,14.534,70.4069,128.9,966.6,Cat 3,Zone-9,99,221.64
CYC-2023-1069,2022-04-26,Sitrang-2023,14.7969,76.0514,80.6,984.0,Cat 2,Zone-10,42,78.89
CYC-2024-1070,2024-10-21,Amphan-2024,16.6091,91.4525,86.1,982.0,Cat 2,Zone-11,48,91.22
CYC-2025-1071,2024-05-30,Fani-2025,8.9457,68.7898,180.0,948.2,Cat 4,Zone-12,181,462.05
CYC-2018-1072,2019-04-29,Tauktae-2018,15.4142,86.2948,72.4,986.9,Cat 1,Zone-1,35,62.3
CYC-2019-1073,2021-02-24,Biparjoy-2019,9.3309,84.1766,90.3,980.5,Cat 2,Zone-2,52,101.3
CYC-2020-1074,2023-03-22,Michaung-2020,15.15,69.975,182.2,947.4,Cat 4,Zone-3,185,474.57
CYC-2021-1075,2019-09-07,Remal-2021,21.5811,84.0286,212.9,936.4,Cat 5,Zone-4,245,668.46
CYC-2022-1076,2018-10-05,Yaas-2022,13.2465,68.1874,196.8,942.2,Cat 4,Zone-5,213,562.27
CYC-2023-1077,2019-03-04,Nivar-2023,12.4036,81.4666,166.4,953.1,Cat 4,Zone-6,157,388.71
CYC-2024-1078,2019-01-10,Gulab-2024,21.8633,83.1855,111.0,973.0,Cat 2,Zone-7,76,159.51
CYC-2025-1079,2020-07-02,Sitrang-2025,18.3663,78.7155,78.0,984.9,Cat 1,Zone-8,40,73.4
CYC-2018-1080,2022-04-11,Amphan-2018,19.0782,83.561,173.3,950.6,Cat 4,Zone-9,169,425.06
CYC-2019-1081,2021-02-04,Fani-2019,9.0874,90.3202,199.4,941.2,Cat 4,Zone-10,218,578.74
CYC-2020-1082,2020-08-26,Tauktae-2020,9.0924,89.2334,220.0,933.8,Cat 5,Zone-11,260,718.49
CYC-2021-1083,2021-03-12,Biparjoy-2021,17.403,77.34,157.7,956.2,Cat 3,Zone-12,143,345.4
CYC-2022-1084,2024-04-26,Michaung-2022,18.201,83.497,252.3,922.2,Cat 5,Zone-1,333,971.2
CYC-2023-1085,2018-04-09,Remal-2023,16.3704,86.724,129.4,966.4,Cat 3,Zone-2,100,223.53
CYC-2024-1086,2020-01-16,Yaas-2024,20.4306,77.7007,183.7,946.9,Cat 4,Zone-3,188,483.2
CYC-2025-1087,2021-05-27,Nivar-2025,10.9376,91.5651,198.4,941.6,Cat 4,Zone-4,216,572.38
CYC-2018-1088,2021-03-21,Gulab-2018,16.3885,70.296,137.8,963.4,Cat 3,Zone-5,112,256.71
CYC-2019-1089,2020-06-13,Sitrang-2019,12.3636,75.387,119.9,969.8,Cat 2,Zone-6,87,189.01
CYC-2020-1090,2023-03-03,Amphan-2020,21.8485,89.3309,127.3,967.2,Cat 3,Zone-7,97,215.63
CYC-2021-1091,2018-04-16,Fani-2021,10.4135,85.2719,181.8,947.6,Cat 4,Zone-8,185,472.28
CYC-2022-1092,2024-09-13,Tauktae-2022,20.3172,88.5728,136.3,963.9,Cat 3,Zone-9,110,250.6
CYC-2023-1093,2020-10-25,Biparjoy-2023,11.0176,78.0717,100.8,976.7,Cat 2,Zone-10,64,129.03
CYC-2024-1094,2018-10-05,Michaung-2024,20.6976,89.4557,248.6,923.5,Cat 5,Zone-11,325,940.14
CYC-2025-1095,2019-08-29,Remal-2025,16.2231,72.8234,215.1,935.6,Cat 5,Zone-12,250,683.75
CYC-2018-1096,2022-10-23,Yaas-2018,16.0963,84.8147,189.4,944.8,Cat 4,Zone-1,199,516.8
CYC-2019-1097,2021-10-08,Nivar-2019,16.5817,91.6552,232.7,929.2,Cat 5,Zone-2,288,812.91
CYC-2020-1098,2018-08-14,Gulab-2020,12.7964,70.5338,100.8,976.7,Cat 2,Zone-3,64,129.03
CYC-2021-1099,2021-05-19,Sitrang-2021,19.1052,71.6037,190.3,944.5,Cat 4,Zone-4,200,522.22
CYC-2022-1100,2023-05-07,Amphan-2022,21.2351,88.7531,77.7,985.0,Cat 1,Zone-5,40,72.78
CYC-2023-1101,2020-08-26,Fani-2023,10.1829,86.9588,77.2,985.2,Cat 1,Zone-6,39,71.75
CYC-2024-1102,2020-12-16,Tauktae-2024,20.8261,89.8031,107.9,974.2,Cat 2,Zone-7,72,149.88
CYC-2025-1103,2021-03-07,Biparjoy-2025,12.5807,80.8909,105.2,975.1,Cat 2,Zone-8,69,141.75
CYC-2018-1104,2019-02-08,Michaung-2018,10.0341,79.1319,212.2,936.6,Cat 5,Zone-9,244,663.64
CYC-2019-1105,2020-11-04,Remal-2019,16.8635,69.2051,180.7,947.9,Cat 4,Zone-10,183,466.01
CYC-2020-1106,2018-11-15,Yaas-2020,10.0736,87.4771,144.9,960.8,Cat 3,Zone-11,123,286.71
CYC-2021-1107,2024-11-04,Nivar-2021,19.7724,69.2035,140.4,962.5,Cat 3,Zone-12,116,267.48
CYC-2022-1108,2021-04-28,Gulab-2022,11.9872,89.8821,207.7,938.2,Cat 5,Zone-1,235,633.07
CYC-2023-1109,2019-05-10,Sitrang-2023,20.1018,84.6386,183.7,946.9,Cat 4,Zone-2,188,483.2
CYC-2024-1110,2023-06-09,Amphan-2024,12.3812,81.7799,160.1,955.4,Cat 4,Zone-3,147,357.07
CYC-2025-1111,2019-06-24,Fani-2025,14.3855,72.9351,208.6,937.9,Cat 5,Zone-4,237,639.12
CYC-2018-1112,2021-12-21,Tauktae-2018,20.3032,84.365,167.8,952.6,Cat 4,Zone-5,160,395.94
CYC-2019-1113,2021-04-30,Biparjoy-2019,9.6794,85.7098,89.4,980.8,Cat 2,Zone-6,51,99.09
CYC-2020-1114,2024-08-27,Michaung-2020,13.0416,82.403,94.7,978.9,Cat 2,Zone-7,57,112.48
CYC-2021-1115,2019-07-31,Remal-2021,11.6484,80.9168,166.2,953.2,Cat 4,Zone-8,157,387.68
CYC-2022-1116,2019-07-08,Yaas-2022,12.254,80.9727,101.1,976.6,Cat 2,Zone-9,64,129.88
CYC-2023-1117,2023-08-22,Nivar-2023,11.0416,91.3057,251.1,922.6,Cat 5,Zone-10,330,961.06
CYC-2024-1118,2020-04-23,Gulab-2024,15.9142,74.4823,139.6,962.7,Cat 3,Zone-11,115,264.14
CYC-2025-1119,2020-01-22,Sitrang-2025,9.999,70.427,86.3,981.9,Cat 2,Zone-12,48,91.69
CYC-2018-1120,2023-11-27,Amphan-2018,18.01,84.5729,168.8,952.2,Cat 4,Zone-1,161,401.15
CYC-2019-1121,2024-05-30,Fani-2019,21.0996,83.9762,115.4,971.5,Cat 2,Zone-2,81,173.76
CYC-2020-1122,2020-10-14,Tauktae-2020,19.6512,79.0104,177.8,949.0,Cat 4,Zone-3,177,449.72
CYC-2021-1123,2024-10-14,Biparjoy-2021,20.0229,83.6432,100.9,976.7,Cat 2,Zone-4,64,129.32
CYC-2022-1124,2018-08-30,Michaung-2022,12.4562,76.8325,136.4,963.9,Cat 3,Zone-5,110,251.0
CYC-2023-1125,2024-09-01,Remal-2023,12.2546,74.3655,89.6,980.7,Cat 2,Zone-6,51,99.58
CYC-2024-1126,2020-09-12,Yaas-2024,20.7854,73.5672,88.0,981.3,Cat 2,Zone-7,50,95.71
CYC-2025-1127,2024-10-23,Nivar-2025,16.0734,87.8305,73.1,986.7,Cat 1,Zone-8,35,63.64
CYC-2018-1128,2022-07-02,Gulab-2018,12.3175,89.0446,213.5,936.1,Cat 5,Zone-9,247,672.61
CYC-2019-1129,2019-01-17,Sitrang-2019,19.436,75.2126,93.4,979.4,Cat 2,Zone-10,55,109.11
CYC-2020-1130,2022-06-17,Amphan-2020,9.2018,85.518,230.5,930.0,Cat 5,Zone-11,283,796.1
CYC-2021-1131,2024-07-17,Fani-2021,10.4111,86.2935,253.1,921.9,Cat 5,Zone-12,335,977.99
CYC-2022-1132,2020-10-21,Tauktae-2022,18.9404,78.37,178.0,948.9,Cat 4,Zone-1,178,450.83
CYC-2023-1133,2019-10-27,Biparjoy-2023,9.9137,81.2319,180.0,948.2,Cat 4,Zone-2,181,462.05
CYC-2024-1134,2022-04-26,Michaung-2024,10.9703,72.8465,228.2,930.8,Cat 5,Zone-3,278,778.73
CYC-2025-1135,2019-11-25,Remal-2025,17.5412,76.3867,105.4,975.1,Cat 2,Zone-4,69,142.34
CYC-2018-1136,2019-06-18,Yaas-2018,11.8092,70.1195,222.7,932.8,Cat 5,Zone-5,266,738.03
CYC-2019-1137,2023-02-02,Nivar-2019,13.3701,68.3772,152.0,958.3,Cat 3,Zone-6,134,318.53
CYC-2020-1138,2020-02-04,Gulab-2020,10.9614,77.4425,77.2,985.2,Cat 1,Zone-7,39,71.75
CYC-2021-1139,2020-03-12,Sitrang-2021,19.1006,87.3055,104.3,975.5,Cat 2,Zone-8,68,139.1
CYC-2022-1140,2018-12-06,Amphan-2022,9.3155,82.9058,239.2,926.9,Cat 5,Zone-9,303,863.7
CYC-2023-1141,2019-03-03,Fani-2023,16.7728,87.7119,162.2,954.6,Cat 4,Zone-10,150,367.45
CYC-2024-1142,2020-08-07,Tauktae-2024,19.294,68.3969,100.5,976.8,Cat 2,Zone-11,63,128.19
CYC-2025-1143,2022-08-29,Biparjoy-2025,21.1181,73.3961,154.0,957.6,Cat 3,Zone-12,137,327.82
CYC-2018-1144,2024-04-15,Michaung-2018,10.8203,88.735,126.1,967.6,Cat 3,Zone-1,95,211.19
CYC-2019-1145,2024-07-11,Remal-2019,12.1579,76.6499,252.9,922.0,Cat 5,Zone-2,335,976.29
CYC-2020-1146,2024-06-22,Yaas-2020,21.809,78.2074,179.8,948.3,Cat 4,Zone-3,181,460.92
CYC-2021-1147,2020-10-01,Nivar-2021,19.7909,83.556,141.8,962.0,Cat 3,Zone-4,118,273.39
CYC-2022-1148,2019-11-18,Gulab-2022,16.2834,68.3038,65.2,989.5,Cat 1,Zone-5,29,49.48
CYC-2023-1149,2024-07-05,Sitrang-2023,11.3005,75.9408,246.4,924.3,Cat 5,Zone-6,319,921.93
CYC-2024-1150,2019-11-16,Amphan-2024,15.913,77.6883,140.3,962.5,Cat 3,Zone-7,116,267.06
CYC-2025-1151,2019-08-19,Fani-2025,17.2647,85.3073,113.5,972.1,Cat 2,Zone-8,79,167.53
CYC-2018-1152,2022-12-29,Tauktae-2018,20.4492,83.9714,182.2,947.4,Cat 4,Zone-9,185,474.57
CYC-2019-1153,2022-04-10,Biparjoy-2019,12.1478,77.9635,216.9,934.9,Cat 5,Zone-10,254,696.4
CYC-2020-1154,2023-06-03,Michaung-2020,14.5803,68.4712,204.4,939.4,Cat 5,Zone-11,228,611.15
CYC-2021-1155,2023-09-05,Remal-2021,9.8824,74.9457,190.9,944.3,Cat 4,Zone-12,202,525.85
CYC-2022-1156,2019-06-07,Yaas-2022,15.434,84.3911,186.1,946.0,Cat 4,Zone-1,192,497.2
CYC-2023-1157,2023-11-05,Nivar-2023,12.1137,86.1423,137.7,963.4,Cat 3,Zone-2,112,256.3
CYC-2024-1158,2018-10-13,Gulab-2024,17.4946,89.6527,138.3,963.2,Cat 3,Zone-3,113,258.76
CYC-2025-1159,2022-10-08,Sitrang-2025,18.1471,69.4286,175.5,949.8,Cat 4,Zone-4,173,437.02
CYC-2018-1160,2020-07-03,Amphan-2018,17.2334,81.1431,159.0,955.8,Cat 3,Zone-5,145,351.69
CYC-2019-1161,2022-12-10,Fani-2019,15.0523,71.8826,135.2,964.3,Cat 3,Zone-6,108,246.17
CYC-2020-1162,2023-05-11,Tauktae-2020,15.583,77.3083,84.2,982.7,Cat 2,Zone-7,46,86.85
CYC-2021-1163,2024-04-09,Biparjoy-2021,9.1965,77.1515,225.0,932.0,Cat 5,Zone-8,271,754.9
CYC-2022-1164,2019-02-12,Michaung-2022,11.69,73.0047,210.4,937.3,Cat 5,Zone-9,240,651.31
CYC-2023-1165,2018-06-08,Remal-2023,17.3378,73.6086,158.0,956.1,Cat 3,Zone-10,143,346.85
CYC-2024-1166,2020-12-16,Yaas-2024,13.4272,78.2183,79.3,984.5,Cat 1,Zone-11,41,76.12
CYC-2025-1167,2019-01-11,Nivar-2025,11.8524,79.3684,212.3,936.6,Cat 5,Zone-12,244,664.32
CYC-2018-1168,2023-03-07,Gulab-2018,15.8073,74.657,155.4,957.1,Cat 3,Zone-1,139,334.41
CYC-2019-1169,2022-12-17,Sitrang-2019,9.7718,77.2549,165.8,953.3,Cat 4,Zone-2,156,385.63
CYC-2020-1170,2022-06-18,Amphan-2020,20.1273,89.3701,116.3,971.1,Cat 2,Zone-3,82,176.75
CYC-2021-1171,2021-12-07,Fani-2021,11.6549,74.689,237.8,927.4,Cat 5,Zone-4,300,852.62
CYC-2022-1172,2021-12-02,Tauktae-2022,15.3083,87.834,174.5,950.2,Cat 4,Zone-5,171,431.56
CYC-2023-1173,2024-02-10,Biparjoy-2023,16.8259,85.6499,228.3,930.8,Cat 5,Zone-6,278,779.48
CYC-2024-1174,2020-08-26,Michaung-2024,10.8239,75.4345,110.7,973.1,Cat 2,Zone-7,75,158.57
CYC-2025-1175,2018-03-25,Remal-2025,9.1039,74.8857,126.2,967.6,Cat 3,Zone-8,95,211.55
CYC-2018-1176,2018-08-11,Yaas-2018,15.5309,85.2509,105.9,974.9,Cat 2,Zone-9,69,143.83
CYC-2019-1177,2018-11-25,Nivar-2019,19.7977,74.8237,200.8,940.7,Cat 5,Zone-10,221,587.72
CYC-2020-1178,2023-01-27,Gulab-2020,13.6564,84.2804,210.2,937.3,Cat 5,Zone-11,240,649.95
CYC-2021-1179,2019-04-11,Sitrang-2021,8.7285,73.783,195.0,942.8,Cat 4,Zone-12,209,551.02
CYC-2022-1180,2024-06-18,Amphan-2022,11.4258,88.5274,175.8,949.7,Cat 4,Zone-1,174,438.66
CYC-2023-1181,2022-08-26,Fani-2023,8.6676,69.4669,244.0,925.2,Cat 5,Zone-2,314,902.29
CYC-2024-1182,2024-08-15,Tauktae-2024,19.8292,90.1812,161.0,955.0,Cat 4,Zone-3,148,361.5
CYC-2025-1183,2020-07-13,Biparjoy-2025,18.0641,89.0248,147.7,959.8,Cat 3,Zone-4,127,299.04
CYC-2018-1184,2018-01-29,Michaung-2018,21.045,70.58,228.8,930.6,Cat 5,Zone-5,279,783.24
CYC-2019-1185,2023-12-16,Remal-2019,12.4976,70.4725,78.6,984.7,Cat 1,Zone-6,40,74.65
CYC-2020-1186,2022-07-24,Yaas-2020,15.82,77.1202,229.0,930.6,Cat 5,Zone-7,280,784.74
CYC-2021-1187,2021-06-22,Nivar-2021,18.5448,75.0644,210.0,937.4,Cat 5,Zone-8,239,648.59
CYC-2022-1188,2024-09-12,Gulab-2022,11.4416,85.4917,207.1,938.4,Cat 5,Zone-9,233,629.05
CYC-2023-1189,2021-02-20,Sitrang-2023,10.9459,80.5105,240.1,926.6,Cat 5,Zone-10,305,870.87
CYC-2024-1190,2022-11-01,Amphan-2024,10.4209,84.3862,146.2,960.4,Cat 3,Zone-11,124,292.4
CYC-2025-1191,2019-12-25,Fani-2025,15.8384,84.6953,87.5,981.5,Cat 2,Zone-12,49,94.52
CYC-2018-1192,2023-10-24,Tauktae-2018,13.4624,74.8193,204.3,939.5,Cat 5,Zone-1,228,610.49
CYC-2019-1193,2023-05-09,Biparjoy-2019,18.5288,69.0969,103.4,975.8,Cat 2,Zone-2,67,136.47
CYC-2020-1194,2023-01-12,Michaung-2020,20.2784,72.3434,216.5,935.1,Cat 5,Zone-3,253,693.58
CYC-2021-1195,2024-03-04,Remal-2021,13.6941,75.5967,186.7,945.8,Cat 4,Zone-4,194,500.73
CYC-2022-1196,2019-07-17,Yaas-2022,15.706,70.9301,86.4,981.9,Cat 2,Zone-5,48,91.92
CYC-2023-1197,2018-07-23,Nivar-2023,8.7893,80.6015,80.8,983.9,Cat 2,Zone-6,42,79.32
CYC-2024-1198,2024-04-06,Gulab-2024,15.8438,70.0322,236.7,927.8,Cat 5,Zone-7,297,843.97
CYC-2025-1199,2022-06-14,Sitrang-2025,8.4421,80.1768,204.5,939.4,Cat 5,Zone-8,228,611.81
CYC-2018-1200,2019-06-20,Amphan-2018,19.5995,81.673,123.2,968.6,Cat 3,Zone-9,91,200.65
CYC-2019-1201,2021-09-07,Fani-2019,12.5808,83.0839,97.8,977.8,Cat 2,Zone-10,60,120.74
CYC-2020-1202,2020-07-19,Tauktae-2020,14.5529,73.5932,176.8,949.4,Cat 4,Zone-11,175,444.17
CYC-2021-1203,2023-04-01,Biparjoy-2021,9.1686,68.1352,70.7,987.5,Cat 1,Zone-12,33,59.13
CYC-2022-1204,2021-10-05,Michaung-2022,18.6797,76.8098,168.6,952.3,Cat 4,Zone-1,161,400.11
CYC-2023-1205,2020-06-15,Remal-2023,9.2783,86.0004,98.4,977.6,Cat 2,Zone-2,61,122.37
CYC-2024-1206,2019-09-23,Yaas-2024,9.5499,87.4846,222.6,932.9,Cat 5,Zone-3,266,737.3
CYC-2025-1207,2019-10-16,Nivar-2025,18.1755,87.0395,192.5,943.7,Cat 4,Zone-4,205,535.6
CYC-2018-1208,2020-03-07,Gulab-2018,20.2441,73.1203,126.8,967.4,Cat 3,Zone-5,96,213.77
CYC-2019-1209,2021-06-01,Sitrang-2019,18.2227,75.1675,168.2,952.4,Cat 4,Zone-6,160,398.02
CYC-2020-1210,2018-05-09,Amphan-2020,18.6634,81.0969,184.2,946.7,Cat 4,Zone-7,189,486.1
CYC-2021-1211,2024-05-09,Fani-2021,12.3301,71.8781,221.4,933.3,Cat 5,Zone-8,263,728.59
CYC-2022-1212,2022-02-09,Tauktae-2022,16.5583,72.2848,136.5,963.9,Cat 3,Zone-9,110,251.41
CYC-2023-1213,2019-10-25,Biparjoy-2023,13.8715,72.2786,240.6,926.4,Cat 5,Zone-10,306,874.86
CYC-2024-1214,2024-09-18,Michaung-2024,10.8887,71.4816,87.9,981.4,Cat 2,Zone-11,50,95.47
CYC-2025-1215,2019-02-03,Remal-2025,9.9064,74.009,168.1,952.5,Cat 4,Zone-12,160,397.5
CYC-2018-1216,2020-03-28,Yaas-2018,17.6789,84.6809,146.7,960.2,Cat 3,Zone-1,125,294.6
CYC-2019-1217,2022-07-11,Nivar-2019,13.0292,75.0254,98.1,977.7,Cat 2,Zone-2,60,121.55
CYC-2020-1218,2022-07-23,Gulab-2020,16.4093,79.7897,101.9,976.3,Cat 2,Zone-3,65,132.15
CYC-2021-1219,2021-01-25,Sitrang-2021,11.8571,77.161,136.2,964.0,Cat 3,Zone-4,110,250.2
