Event_ID,Date_Time,Location_Name,Latitude,Longitude,Richter_Magnitude,Focal_Depth_km,Tsunami_Warning_Flag,Casualties_Direct,Economic_Loss_USD_Millions
EQ-2018-1000,2018-11-27 01:27:00,Himalayan Fault Belt,31.0961,78.8341,4.4,14.1,0,0,0.0
EQ-2019-1001,2024-07-19 23:57:00,Gujarat Kutch Zone,23.8827,68.9377,4.1,22.8,0,0,0.0
EQ-2020-1002,2019-04-20 18:02:00,Andaman Nicobar Basin,11.0029,92.0698,3.0,35.0,0,0,0.0
EQ-2021-1003,2019-07-17 21:07:00,Assam North-East,23.2041,92.3618,7.2,27.8,1,112,0.53
EQ-2022-1004,2021-09-25 01:31:00,Japan Ring of Fire,34.8188,138.6508,2.9,20.1,0,0,0.0
EQ-2023-1005,2024-03-03 18:24:00,Indonesia Subduction Zone,0.3569,112.6741,3.6,27.0,0,0,0.0
EQ-2024-1006,2019-12-04 06:41:00,California Fault,37.6871,-120.865,3.2,131.6,0,0,0.0
EQ-2025-1007,2021-06-29 16:56:00,Turkey East Anatolian,40.4324,35.2624,5.9,51.3,0,233,10.9
EQ-2018-1008,2021-03-26 00:14:00,Himalayan Fault Belt,30.8162,80.9701,3.9,31.9,0,0,0.0
EQ-2019-1009,2022-03-03 09:52:00,Gujarat Kutch Zone,24.0029,67.7492,3.2,11.8,0,0,0.0
EQ-2020-1010,2018-07-20 12:59:00,Andaman Nicobar Basin,12.8167,93.5133,3.9,34.3,0,0,0.0
EQ-2021-1011,2023-11-17 11:23:00,Assam North-East,26.2165,92.425,3.2,26.6,0,0,0.0
EQ-2022-1012,2019-05-18 12:46:00,Japan Ring of Fire,37.2018,138.5559,3.6,37.7,0,0,0.0
EQ-2023-1013,2020-05-13 12:22:00,Indonesia Subduction Zone,-1.5541,113.1621,3.5,37.0,0,0,0.0
EQ-2024-1014,2019-06-25 17:39:00,California Fault,39.8602,-120.6301,4.2,36.2,0,0,0.0
EQ-2025-1015,2022-05-17 16:52:00,Turkey East Anatolian,37.7663,35.1629,4.2,43.7,0,0,0.0
EQ-2018-1016,2022-02-05 20:54:00,Himalayan Fault Belt,30.8085,79.3774,3.0,31.9,0,0,0.0
EQ-2019-1017,2020-08-30 21:22:00,Gujarat Kutch Zone,24.6624,69.6902,4.1,40.0,0,0,0.0
EQ-2020-1018,2023-06-22 23:17:00,Andaman Nicobar Basin,11.7061,92.4185,3.4,23.1,0,0,0.0
EQ-2021-1019,2024-10-25 09:23:00,Assam North-East,25.153,93.3616,3.4,11.1,0,0,0.0
EQ-2022-1020,2024-08-29 23:46:00,Japan Ring of Fire,37.1814,136.9345,4.3,22.4,0,0,0.0
EQ-2023-1021,2024-04-13 13:55:00,Indonesia Subduction Zone,-0.881,114.3056,3.5,91.0,0,0,0.0
EQ-2024-1022,2023-04-15 12:31:00,California Fault,36.4428,-120.227,3.1,27.4,0,0,0.0
EQ-2025-1023,2022-11-30 10:59:00,Turkey East Anatolian,40.6816,34.4686,3.7,38.1,0,0,0.0
EQ-2018-1024,2019-05-04 15:28:00,Himalayan Fault Belt,29.1839,78.1812,4.3,21.0,0,0,0.0
EQ-2019-1025,2022-06-23 04:22:00,Gujarat Kutch Zone,24.8158,70.5136,5.0,17.0,0,0,0.0
EQ-2020-1026,2023-08-12 14:56:00,Andaman Nicobar Basin,12.5126,93.9526,3.8,41.6,0,0,0.0
EQ-2021-1027,2024-01-09 00:53:00,Assam North-East,25.8119,93.9382,3.3,64.5,0,0,0.0
EQ-2022-1028,2021-12-16 01:43:00,Japan Ring of Fire,35.1594,138.9412,2.9,61.8,0,0,0.0
EQ-2023-1029,2020-08-14 02:40:00,Indonesia Subduction Zone,-0.4283,113.0428,2.8,33.5,0,0,0.0
EQ-2024-1030,2021-11-16 19:18:00,California Fault,35.2398,-119.4058,3.0,23.3,0,0,0.0
EQ-2025-1031,2022-08-21 00:37:00,Turkey East Anatolian,37.8481,36.3259,3.7,104.9,0,0,0.0
EQ-2018-1032,2020-03-08 04:43:00,Himalayan Fault Belt,30.6764,78.9863,5.6,38.9,0,68,9.9
EQ-2019-1033,2023-11-17 17:40:00,Gujarat Kutch Zone,23.4944,68.115,3.8,29.8,0,0,0.0
EQ-2020-1034,2020-09-19 18:59:00,Andaman Nicobar Basin,11.9287,92.551,6.9,47.3,1,38,4.7
EQ-2021-1035,2023-03-11 11:25:00,Assam North-East,24.9642,94.0277,3.0,46.4,0,0,0.0
EQ-2022-1036,2018-06-04 08:09:00,Japan Ring of Fire,36.311,138.4771,8.3,17.4,1,392,23.57
EQ-2023-1037,2020-07-09 06:47:00,Indonesia Subduction Zone,0.5197,115.1646,3.3,51.9,0,0,0.0
EQ-2024-1038,2024-06-26 08:31:00,California Fault,35.9753,-119.3713,3.6,51.0,0,0,0.0
EQ-2025-1039,2023-06-06 14:13:00,Turkey East Anatolian,38.3329,34.8467,5.4,31.3,0,22,0.74
EQ-2018-1040,2024-10-27 10:12:00,Himalayan Fault Belt,30.0087,78.5047,2.8,43.4,0,0,0.0
EQ-2019-1041,2018-02-16 14:26:00,Gujarat Kutch Zone,25.3725,70.1543,3.1,18.4,0,0,0.0
EQ-2020-1042,2022-08-21 10:56:00,Andaman Nicobar Basin,11.9598,94.3361,7.3,49.7,1,66,6.58
EQ-2021-1043,2022-07-23 18:01:00,Assam North-East,24.4709,94.008,3.0,27.5,0,0,0.0
EQ-2022-1044,2019-05-03 21:00:00,Japan Ring of Fire,35.2478,138.0614,3.1,49.8,0,0,0.0
EQ-2023-1045,2020-09-23 18:29:00,Indonesia Subduction Zone,-0.3272,115.8816,3.9,10.6,0,0,0.0
EQ-2024-1046,2024-10-15 05:40:00,California Fault,36.1189,-118.8674,3.6,48.2,0,0,0.0
EQ-2025-1047,2024-10-25 12:48:00,Turkey East Anatolian,37.4461,34.8739,3.5,76.8,0,0,0.0
EQ-2018-1048,2024-04-24 08:16:00,Himalayan Fault Belt,28.7838,81.3203,3.9,38.9,0,0,0.0
EQ-2019-1049,2020-08-14 11:30:00,Gujarat Kutch Zone,23.9129,71.1115,4.7,47.5,0,0,0.0
EQ-2020-1050,2020-12-02 04:44:00,Andaman Nicobar Basin,13.8707,93.2355,4.9,59.1,0,0,0.0
EQ-2021-1051,2022-07-08 18:18:00,Assam North-East,24.9163,93.2491,3.3,20.2,0,0,0.0
EQ-2022-1052,2023-03-08 07:36:00,Japan Ring of Fire,37.2195,138.6344,4.8,43.0,0,0,0.0
EQ-2023-1053,2018-02-06 23:12:00,Indonesia Subduction Zone,1.4645,115.9256,4.4,23.5,0,0,0.0
EQ-2024-1054,2023-10-11 09:55:00,California Fault,36.0427,-118.0268,3.1,50.6,0,0,0.0
EQ-2025-1055,2020-04-30 23:10:00,Turkey East Anatolian,38.3722,36.139,5.5,36.8,0,5,0.45
EQ-2018-1056,2021-04-24 15:34:00,Himalayan Fault Belt,30.3438,80.3483,3.1,23.9,0,0,0.0
EQ-2019-1057,2022-03-23 19:57:00,Gujarat Kutch Zone,23.7992,70.3894,4.3,51.5,0,0,0.0
EQ-2020-1058,2022-03-21 00:28:00,Andaman Nicobar Basin,12.2953,92.18,4.9,34.2,0,0,0.0
EQ-2021-1059,2024-10-28 14:35:00,Assam North-East,23.7623,91.311,4.8,19.2,0,0,0.0
EQ-2022-1060,2018-06-22 10:52:00,Japan Ring of Fire,37.8321,135.7555,5.6,74.4,0,32,4.2
EQ-2023-1061,2019-05-20 20:14:00,Indonesia Subduction Zone,0.2423,114.822,4.9,50.1,0,0,0.0
EQ-2024-1062,2023-10-07 11:24:00,California Fault,38.06,-120.4163,3.7,29.1,0,0,0.0
EQ-2025-1063,2023-09-26 20:56:00,Turkey East Anatolian,39.0836,36.1802,8.7,31.9,1,52,7.08
EQ-2018-1064,2020-08-25 05:57:00,Himalayan Fault Belt,29.5724,80.7241,5.8,18.7,0,41,5.37
EQ-2019-1065,2018-02-10 12:19:00,Gujarat Kutch Zone,22.4923,69.2807,3.5,55.8,0,0,0.0
EQ-2020-1066,2020-07-13 15:08:00,Andaman Nicobar Basin,9.5278,90.4048,4.8,37.7,0,0,0.0
EQ-2021-1067,2018-08-12 21:02:00,Assam North-East,23.9157,95.1978,6.0,28.6,0,12,5.57
EQ-2022-1068,2022-06-22 01:44:00,Japan Ring of Fire,35.8613,138.6091,5.0,28.4,0,0,0.0
EQ-2023-1069,2023-03-09 12:50:00,Indonesia Subduction Zone,-2.6933,113.1807,2.9,35.4,0,0,0.0
EQ-2024-1070,2021-03-14 18:28:00,California Fault,37.0628,-117.5805,6.3,36.6,0,51,1.0
EQ-2025-1071,2022-04-24 02:33:00,Turkey East Anatolian,39.1444,35.6173,3.1,56.7,0,0,0.0
EQ-2018-1072,2023-06-08 17:57:00,Himalayan Fault Belt,32.3496,74.8262,4.9,25.2,0,0,0.0
EQ-2019-1073,2023-10-24 07:14:00,Gujarat Kutch Zone,23.9965,71.6105,3.6,68.0,0,0,0.0
EQ-2020-1074,2021-09-20 14:18:00,Andaman Nicobar Basin,11.2321,92.9802,7.5,49.0,1,13,16.36
EQ-2021-1075,2020-03-07 14:59:00,Assam North-East,23.0649,95.3536,5.7,34.5,0,40,9.68
EQ-2022-1076,2018-02-12 01:50:00,Japan Ring of Fire,33.9393,138.3536,3.3,21.8,0,0,0.0
EQ-2023-1077,2023-05-24 01:00:00,Indonesia Subduction Zone,-2.1015,114.4852,3.3,28.8,0,0,0.0
EQ-2024-1078,2024-03-30 08:43:00,California Fault,37.8462,-120.0363,3.0,17.6,0,0,0.0
EQ-2025-1079,2021-02-18 03:33:00,Turkey East Anatolian,38.3356,33.5625,3.6,28.1,0,0,0.0
EQ-2018-1080,2018-10-30 10:38:00,Himalayan Fault Belt,30.5506,80.0216,4.5,19.8,0,0,0.0
EQ-2019-1081,2021-08-28 14:42:00,Gujarat Kutch Zone,23.4578,70.0679,4.5,82.8,0,0,0.0
EQ-2020-1082,2023-03-22 17:18:00,Andaman Nicobar Basin,12.003,93.3919,3.7,36.5,0,0,0.0
EQ-2021-1083,2018-05-06 13:31:00,Assam North-East,25.8524,92.4135,3.0,60.8,0,0,0.0
EQ-2022-1084,2018-08-21 01:48:00,Japan Ring of Fire,36.468,137.3569,3.6,13.3,0,0,0.0
EQ-2023-1085,2024-10-08 10:12:00,Indonesia Subduction Zone,2.308,113.1512,4.4,96.0,0,0,0.0
EQ-2024-1086,2020-05-26 23:20:00,California Fault,38.3691,-117.7251,3.8,12.2,0,0,0.0
EQ-2025-1087,2024-07-25 13:42:00,Turkey East Anatolian,38.5663,34.7138,3.0,19.4,0,0,0.0
EQ-2018-1088,2022-06-18 08:23:00,Himalayan Fault Belt,29.9154,79.957,2.8,32.9,0,0,0.0
EQ-2019-1089,2022-07-27 05:25:00,Gujarat Kutch Zone,24.479,70.6801,4.3,9.1,0,0,0.0
EQ-2020-1090,2019-10-16 05:19:00,Andaman Nicobar Basin,14.84,93.4687,3.7,17.3,0,0,0.0
EQ-2021-1091,2023-08-02 00:09:00,Assam North-East,25.5155,91.9492,6.0,51.3,0,60,4.92
EQ-2022-1092,2024-07-04 13:04:00,Japan Ring of Fire,34.1782,138.9519,2.9,15.1,0,0,0.0
EQ-2023-1093,2018-08-24 05:33:00,Indonesia Subduction Zone,-0.866,112.6714,3.9,26.1,0,0,0.0
EQ-2024-1094,2023-01-30 22:52:00,California Fault,36.8914,-120.0101,5.9,12.8,0,10,9.29
EQ-2025-1095,2018-05-12 10:00:00,Turkey East Anatolian,38.4149,34.4809,3.0,42.1,0,0,0.0
EQ-2018-1096,2024-10-05 17:26:00,Himalayan Fault Belt,31.7419,78.6758,4.8,53.2,0,0,0.0
EQ-2019-1097,2023-11-22 17:42:00,Gujarat Kutch Zone,25.8977,68.1046,3.3,45.8,0,0,0.0
EQ-2020-1098,2022-08-20 21:52:00,Andaman Nicobar Basin,8.8925,90.9257,3.0,59.3,0,0,0.0
EQ-2021-1099,2020-08-08 04:48:00,Assam North-East,26.6591,93.0985,4.7,22.1,0,0,0.0
EQ-2022-1100,2021-02-15 13:25:00,Japan Ring of Fire,35.1802,138.2859,4.5,21.8,0,0,0.0
EQ-2023-1101,2023-09-26 05:23:00,Indonesia Subduction Zone,-3.4738,114.711,3.5,31.1,0,0,0.0
EQ-2024-1102,2020-03-04 21:46:00,California Fault,39.7068,-118.2434,4.0,54.0,0,0,0.0
EQ-2025-1103,2024-06-07 06:02:00,Turkey East Anatolian,37.7299,34.3845,5.7,9.0,0,10,4.63
EQ-2018-1104,2018-12-22 16:47:00,Himalayan Fault Belt,32.2953,81.9349,2.8,32.6,0,0,0.0
EQ-2019-1105,2020-10-10 00:50:00,Gujarat Kutch Zone,24.0772,70.2687,4.3,35.2,0,0,0.0
EQ-2020-1106,2022-06-25 23:48:00,Andaman Nicobar Basin,10.3323,92.9207,5.9,32.0,0,13,1.21
EQ-2021-1107,2021-08-25 19:20:00,Assam North-East,24.9319,94.1423,3.2,41.9,0,0,0.0
EQ-2022-1108,2024-04-10 08:56:00,Japan Ring of Fire,34.5695,138.9395,3.9,19.7,0,0,0.0
EQ-2023-1109,2021-04-20 11:03:00,Indonesia Subduction Zone,-2.6469,110.5584,5.8,22.4,0,59,1.0
EQ-2024-1110,2020-08-24 14:08:00,California Fault,36.7992,-120.262,3.1,52.0,0,0,0.0
EQ-2025-1111,2024-03-12 07:14:00,Turkey East Anatolian,38.0411,34.8026,9.3,120.3,0,60,57.38
EQ-2018-1112,2023-08-28 12:48:00,Himalayan Fault Belt,30.5711,78.3116,2.8,20.8,0,0,0.0
EQ-2019-1113,2020-04-10 21:27:00,Gujarat Kutch Zone,23.194,71.8048,3.7,7.5,0,0,0.0
EQ-2020-1114,2023-11-05 00:54:00,Andaman Nicobar Basin,10.2112,91.011,4.0,17.8,0,0,0.0
EQ-2021-1115,2021-07-11 01:35:00,Assam North-East,26.0824,92.0728,4.1,46.7,0,0,0.0
EQ-2022-1116,2022-03-04 02:44:00,Japan Ring of Fire,34.8451,138.2156,4.8,31.2,0,0,0.0
EQ-2023-1117,2018-05-27 23:24:00,Indonesia Subduction Zone,-1.111,112.631,3.3,34.7,0,0,0.0
EQ-2024-1118,2023-04-24 12:25:00,California Fault,35.8408,-119.0036,4.3,50.9,0,0,0.0
EQ-2025-1119,2020-06-23 20:49:00,Turkey East Anatolian,38.4498,36.3062,2.8,21.9,0,0,0.0
EQ-2018-1120,2019-08-16 11:53:00,Himalayan Fault Belt,31.7188,78.5596,7.2,40.3,1,104,46.8
EQ-2019-1121,2021-07-28 23:02:00,Gujarat Kutch Zone,21.8989,69.8543,3.6,79.5,0,0,0.0
EQ-2020-1122,2023-09-08 18:52:00,Andaman Nicobar Basin,11.8052,93.4409,3.5,13.2,0,0,0.0
EQ-2021-1123,2023-09-13 17:20:00,Assam North-East,26.8236,94.3817,4.9,66.2,0,0,0.0
EQ-2022-1124,2018-12-08 00:26:00,Japan Ring of Fire,36.3522,138.1172,4.3,5.9,0,0,0.0
EQ-2023-1125,2022-05-19 02:09:00,Indonesia Subduction Zone,1.1646,115.7846,4.1,8.6,0,0,0.0
EQ-2024-1126,2020-03-04 00:28:00,California Fault,35.1645,-118.7788,2.9,18.4,0,0,0.0
EQ-2025-1127,2018-04-08 00:54:00,Turkey East Anatolian,37.1712,34.0419,3.3,15.5,0,0,0.0
EQ-2018-1128,2020-01-21 19:31:00,Himalayan Fault Belt,31.7644,79.592,4.4,33.8,0,0,0.0
EQ-2019-1129,2024-06-01 17:20:00,Gujarat Kutch Zone,23.8403,69.6633,5.0,21.8,0,0,0.0
EQ-2020-1130,2018-05-11 20:52:00,Andaman Nicobar Basin,14.4582,94.686,3.9,18.7,0,0,0.0
EQ-2021-1131,2018-01-12 22:21:00,Assam North-East,26.6829,92.2866,6.7,45.2,0,326,12.5
EQ-2022-1132,2021-05-08 07:45:00,Japan Ring of Fire,37.4122,139.7414,4.3,45.9,0,0,0.0
EQ-2023-1133,2018-09-07 06:30:00,Indonesia Subduction Zone,-2.6119,113.8305,8.1,39.3,1,6,19.31
EQ-2024-1134,2020-09-16 06:11:00,California Fault,36.9492,-118.864,7.1,26.1,1,225,4.07
EQ-2025-1135,2018-07-02 16:22:00,Turkey East Anatolian,37.3138,35.6012,3.0,34.6,0,0,0.0
EQ-2018-1136,2020-07-09 23:40:00,Himalayan Fault Belt,29.9255,78.7758,3.7,22.4,0,0,0.0
EQ-2019-1137,2023-03-30 17:42:00,Gujarat Kutch Zone,24.5413,70.3396,3.9,31.6,0,0,0.0
EQ-2020-1138,2020-07-09 23:02:00,Andaman Nicobar Basin,12.9786,95.8172,3.2,19.4,0,0,0.0
EQ-2021-1139,2018-05-26 04:52:00,Assam North-East,27.5853,93.2022,2.8,8.5,0,0,0.0
EQ-2022-1140,2024-02-13 01:00:00,Japan Ring of Fire,35.8403,138.1584,3.4,34.8,0,0,0.0
EQ-2023-1141,2024-03-23 19:36:00,Indonesia Subduction Zone,-0.1043,112.061,7.6,35.0,1,198,0.89
EQ-2024-1142,2021-10-21 22:33:00,California Fault,37.8137,-118.0342,3.1,24.1,0,0,0.0
EQ-2025-1143,2022-03-25 18:42:00,Turkey East Anatolian,38.8461,34.3986,2.8,41.4,0,0,0.0
EQ-2018-1144,2020-04-29 01:01:00,Himalayan Fault Belt,31.933,79.7577,3.2,114.0,0,0,0.0
EQ-2019-1145,2020-09-14 20:18:00,Gujarat Kutch Zone,26.1828,69.2009,4.5,27.5,0,0,0.0
EQ-2020-1146,2020-09-10 19:07:00,Andaman Nicobar Basin,13.0508,93.3522,3.8,57.4,0,0,0.0
EQ-2021-1147,2020-03-06 16:12:00,Assam North-East,23.8448,92.1229,4.3,17.0,0,0,0.0
EQ-2022-1148,2021-09-08 17:43:00,Japan Ring of Fire,36.1901,138.1803,3.6,60.8,0,0,0.0
EQ-2023-1149,2024-07-28 09:30:00,Indonesia Subduction Zone,0.0383,116.116,3.2,34.9,0,0,0.0
EQ-2024-1150,2021-04-08 05:55:00,California Fault,37.0667,-118.9133,5.0,46.6,0,0,0.0
EQ-2025-1151,2023-10-31 05:55:00,Turkey East Anatolian,40.6586,35.7785,3.0,23.5,0,0,0.0
EQ-2018-1152,2022-03-29 17:49:00,Himalayan Fault Belt,29.4997,80.8808,3.2,37.3,0,0,0.0
EQ-2019-1153,2019-08-09 20:56:00,Gujarat Kutch Zone,24.283,67.7289,2.9,26.0,0,0,0.0
EQ-2020-1154,2020-09-15 04:37:00,Andaman Nicobar Basin,11.9277,92.5856,4.0,35.8,0,0,0.0
EQ-2021-1155,2020-06-04 11:44:00,Assam North-East,25.7107,93.4902,2.9,57.1,0,0,0.0
EQ-2022-1156,2020-10-27 00:28:00,Japan Ring of Fire,34.9682,137.4961,4.1,88.3,0,0,0.0
EQ-2023-1157,2024-09-10 00:38:00,Indonesia Subduction Zone,1.0986,113.8211,4.2,22.9,0,0,0.0
EQ-2024-1158,2022-04-12 14:08:00,California Fault,38.2584,-119.2708,3.2,40.1,0,0,0.0
EQ-2025-1159,2022-08-10 23:30:00,Turkey East Anatolian,39.6934,35.517,5.1,35.0,0,0,0.0
EQ-2018-1160,2020-03-02 21:34:00,Himalayan Fault Belt,29.1601,77.5944,4.3,17.7,0,0,0.0
EQ-2019-1161,2019-06-04 09:50:00,Gujarat Kutch Zone,24.2682,73.0187,3.0,9.7,0,0,0.0
EQ-2020-1162,2019-01-13 14:58:00,Andaman Nicobar Basin,13.6518,89.7224,2.8,19.4,0,0,0.0
EQ-2021-1163,2021-06-13 08:40:00,Assam North-East,26.6247,92.806,2.8,12.0,0,0,0.0
EQ-2022-1164,2019-01-30 18:07:00,Japan Ring of Fire,36.1518,136.4831,2.9,10.1,0,0,0.0
EQ-2023-1165,2021-10-21 10:06:00,Indonesia Subduction Zone,-0.1024,113.5677,2.9,29.5,0,0,0.0
EQ-2024-1166,2022-08-23 09:51:00,California Fault,37.7822,-117.8704,4.5,53.0,0,0,0.0
EQ-2025-1167,2018-08-30 00:01:00,Turkey East Anatolian,40.0152,33.233,3.3,28.3,0,0,0.0
EQ-2018-1168,2018-03-31 02:01:00,Himalayan Fault Belt,31.7278,79.1099,2.9,21.9,0,0,0.0
EQ-2019-1169,2023-06-18 05:16:00,Gujarat Kutch Zone,24.7901,69.3146,3.0,42.8,0,0,0.0
EQ-2020-1170,2018-09-08 06:22:00,Andaman Nicobar Basin,13.8744,93.1295,5.3,51.7,0,4,9.36
EQ-2021-1171,2020-03-19 14:33:00,Assam North-East,26.2622,94.5809,3.5,34.0,0,0,0.0
EQ-2022-1172,2020-01-20 22:59:00,Japan Ring of Fire,38.2228,137.6476,3.9,24.7,0,0,0.0
EQ-2023-1173,2023-06-13 15:13:00,Indonesia Subduction Zone,1.8164,114.5854,3.5,38.0,0,0,0.0
EQ-2024-1174,2019-03-21 01:32:00,California Fault,35.1265,-117.9619,3.7,17.0,0,0,0.0
EQ-2025-1175,2022-10-15 02:38:00,Turkey East Anatolian,38.9837,33.3864,5.0,23.5,0,0,0.0
EQ-2018-1176,2022-09-09 15:46:00,Himalayan Fault Belt,31.8575,78.6703,4.0,51.0,0,0,0.0
EQ-2019-1177,2024-07-10 15:31:00,Gujarat Kutch Zone,24.4217,68.1258,4.4,92.2,0,0,0.0
EQ-2020-1178,2020-03-04 01:39:00,Andaman Nicobar Basin,9.7405,92.0127,3.9,70.9,0,0,0.0
EQ-2021-1179,2023-01-26 06:20:00,Assam North-East,27.1561,93.3886,3.6,24.8,0,0,0.0
EQ-2022-1180,2023-08-03 00:27:00,Japan Ring of Fire,37.126,134.7817,3.3,13.6,0,0,0.0
EQ-2023-1181,2018-10-28 15:18:00,Indonesia Subduction Zone,-0.3969,114.8688,3.3,12.8,0,0,0.0
EQ-2024-1182,2020-05-11 23:04:00,California Fault,34.8329,-119.7269,2.9,31.5,0,0,0.0
EQ-2025-1183,2019-07-30 14:45:00,Turkey East Anatolian,37.4604,33.1321,4.0,22.6,0,0,0.0
EQ-2018-1184,2022-10-09 10:19:00,Himalayan Fault Belt,31.5165,80.467,3.6,38.1,0,0,0.0
EQ-2019-1185,2021-08-09 17:23:00,Gujarat Kutch Zone,24.016,69.3803,8.0,30.9,1,8,15.86
EQ-2020-1186,2018-10-03 11:32:00,Andaman Nicobar Basin,10.9514,92.0559,2.9,33.9,0,0,0.0
EQ-2021-1187,2021-04-23 17:42:00,Assam North-East,24.4265,95.366,2.8,26.1,0,0,0.0
EQ-2022-1188,2018-11-04 22:39:00,Japan Ring of Fire,37.3976,134.7245,3.6,16.6,0,0,0.0
EQ-2023-1189,2020-10-11 11:08:00,Indonesia Subduction Zone,-0.2959,113.9766,3.0,32.4,0,0,0.0
EQ-2024-1190,2023-06-17 23:57:00,California Fault,37.9877,-119.5968,3.0,50.9,0,0,0.0
EQ-2025-1191,2019-08-11 16:26:00,Turkey East Anatolian,39.5948,37.8841,5.2,28.9,0,0,0.0
EQ-2018-1192,2020-12-28 06:00:00,Himalayan Fault Belt,30.7371,79.5391,4.2,44.5,0,0,0.0
EQ-2019-1193,2022-05-28 19:44:00,Gujarat Kutch Zone,22.1284,70.3632,9.3,18.1,1,134,51.41
EQ-2020-1194,2022-06-26 00:18:00,Andaman Nicobar Basin,12.1087,94.4222,4.4,25.6,0,0,0.0
EQ-2021-1195,2021-09-16 22:47:00,Assam North-East,26.6569,93.7169,4.7,46.2,0,0,0.0
EQ-2022-1196,2022-02-05 05:04:00,Japan Ring of Fire,37.3755,136.5982,3.3,65.9,0,0,0.0
EQ-2023-1197,2020-08-19 15:41:00,Indonesia Subduction Zone,1.1236,111.3185,2.8,82.3,0,0,0.0
EQ-2024-1198,2022-10-30 13:02:00,California Fault,40.4704,-119.3604,6.4,31.8,0,45,6.06
EQ-2025-1199,2020-10-11 05:35:00,Turkey East Anatolian,37.5823,36.0259,3.7,54.2,0,0,0.0
EQ-2018-1200,2023-04-01 16:03:00,Himalayan Fault Belt,31.4107,79.3374,3.1,26.5,0,0,0.0
EQ-2019-1201,2024-05-27 19:27:00,Gujarat Kutch Zone,24.1637,68.9553,3.2,15.4,0,0,0.0
EQ-2020-1202,2020-11-28 15:08:00,Andaman Nicobar Basin,12.0051,92.1247,3.4,14.6,0,0,0.0
EQ-2021-1203,2020-08-09 00:35:00,Assam North-East,25.5758,92.3025,4.7,16.4,0,0,0.0
EQ-2022-1204,2023-12-29 14:46:00,Japan Ring of Fire,35.2129,138.0196,4.8,40.4,0,0,0.0
EQ-2023-1205,2022-12-12 00:09:00,Indonesia Subduction Zone,-3.5123,114.197,3.9,103.8,0,0,0.0
EQ-2024-1206,2022-05-23 00:49:00,California Fault,36.1445,-120.6977,5.6,36.6,0,81,9.44
EQ-2025-1207,2022-01-02 04:01:00,Turkey East Anatolian,40.8116,36.2346,4.5,42.7,0,0,0.0
EQ-2018-1208,2024-10-02 16:27:00,Himalayan Fault Belt,29.9634,78.2967,5.2,114.7,0,0,0.0
EQ-2019-1209,2019-03-17 21:17:00,Gujarat Kutch Zone,21.2294,70.6705,3.2,13.3,0,0,0.0
EQ-2020-1210,2020-09-25 21:43:00,Andaman Nicobar Basin,11.1782,91.8709,3.9,19.8,0,0,0.0
EQ-2021-1211,2020-01-14 05:52:00,Assam North-East,27.7758,93.6828,3.2,76.7,0,0,0.0
EQ-2022-1212,2020-08-13 08:36:00,Japan Ring of Fire,34.2422,140.0971,3.3,59.9,0,0,0.0
EQ-2023-1213,2018-03-08 16:53:00,Indonesia Subduction Zone,-2.6418,114.1354,3.2,20.1,0,0,0.0
EQ-2024-1214,2024-07-29 01:55:00,California Fault,36.4042,-121.2456,3.1,27.3,0,0,0.0
EQ-2025-1215,2024-05-23 22:06:00,Turkey East Anatolian,38.3656,35.1157,6.6,19.0,0,22,6.44
EQ-2018-1216,2022-08-07 03:56:00,Himalayan Fault Belt,30.3665,77.9153,4.5,65.1,0,0,0.0
EQ-2019-1217,2024-09-19 16:17:00,Gujarat Kutch Zone,22.0425,69.096,4.1,48.6,0,0,0.0
EQ-2020-1218,2019-04-26 01:53:00,Andaman Nicobar Basin,12.2102,93.1028,3.9,12.9,0,0,0.0
EQ-2021-1219,2024-11-01 13:54:00,Assam North-East,25.5298,91.6119,3.3,10.5,0,0,0.0
EQ-2022-1220,2018-12-08 22:19:00,Japan Ring of Fire,34.876,135.6165,3.9,49.9,0,0,0.0
EQ-2023-1221,2019-08-17 19:41:00,Indonesia Subduction Zone,-0.7425,113.4382,6.0,40.1,0,158,12.52
EQ-2024-1222,2018-05-10 15:30:00,California Fault,37.3821,-118.6805,3.2,26.8,0,0,0.0
EQ-2025-1223,2020-03-03 04:12:00,Turkey East Anatolian,38.0931,35.0338,4.0,29.8,0,0,0.0
EQ-2018-1224,2020-11-14 19:00:00,Himalayan Fault Belt,33.4579,78.6398,4.5,30.2,0,0,0.0
EQ-2019-1225,2023-06-03 17:15:00,Gujarat Kutch Zone,21.9258,69.9274,3.6,14.7,0,0,0.0
EQ-2020-1226,2019-01-25 11:11:00,Andaman Nicobar Basin,11.6154,93.2838,3.2,5.4,0,0,0.0
EQ-2021-1227,2022-03-21 12:57:00,Assam North-East,25.8519,93.6481,4.1,12.5,0,0,0.0
EQ-2022-1228,2021-01-27 02:28:00,Japan Ring of Fire,36.1051,136.4237,4.5,10.8,0,0,0.0
EQ-2023-1229,2019-09-01 21:23:00,Indonesia Subduction Zone,0.2785,113.4593,2.9,18.7,0,0,0.0
EQ-2024-1230,2019-02-26 20:54:00,California Fault,35.1708,-118.6487,3.1,20.2,0,0,0.0
EQ-2025-1231,2024-01-12 01:31:00,Turkey East Anatolian,38.3912,36.0525,3.4,45.4,0,0,0.0
EQ-2018-1232,2023-03-27 15:00:00,Himalayan Fault Belt,28.9197,78.9102,3.4,25.8,0,0,0.0
EQ-2019-1233,2024-06-13 03:02:00,Gujarat Kutch Zone,22.2442,68.8071,3.8,29.4,0,0,0.0
EQ-2020-1234,2023-08-31 09:13:00,Andaman Nicobar Basin,11.2325,93.3646,4.1,39.6,0,0,0.0
EQ-2021-1235,2023-09-08 18:40:00,Assam North-East,26.9471,92.1971,4.2,56.0,0,0,0.0
EQ-2022-1236,2018-03-20 15:55:00,Japan Ring of Fire,36.094,139.3056,4.0,47.3,0,0,0.0
EQ-2023-1237,2023-11-05 01:40:00,Indonesia Subduction Zone,-0.4208,115.113,2.9,27.6,0,0,0.0
EQ-2024-1238,2022-08-02 07:15:00,California Fault,37.6517,-117.9267,4.7,6.3,0,0,0.0
EQ-2025-1239,2021-07-08 12:52:00,Turkey East Anatolian,39.2229,35.8163,3.0,59.8,0,0,0.0
EQ-2018-1240,2020-08-20 23:25:00,Himalayan Fault Belt,31.9228,79.8627,3.2,43.7,0,0,0.0
EQ-2019-1241,2019-01-05 02:28:00,Gujarat Kutch Zone,25.0734,69.7464,6.7,27.8,0,13,5.66
EQ-2020-1242,2019-06-06 13:02:00,Andaman Nicobar Basin,11.6559,91.4817,5.8,109.4,0,8,5.06
EQ-2021-1243,2024-09-27 19:55:00,Assam North-East,26.0056,92.7138,3.8,17.7,0,0,0.0
EQ-2022-1244,2020-02-19 20:56:00,Japan Ring of Fire,36.4526,138.0025,4.0,50.6,0,0,0.0
EQ-2023-1245,2018-10-29 23:03:00,Indonesia Subduction Zone,-1.4797,116.4547,3.1,45.8,0,0,0.0
EQ-2024-1246,2020-02-09 09:00:00,California Fault,35.1477,-119.119,2.9,58.7,0,0,0.0
EQ-2025-1247,2021-12-01 01:27:00,Turkey East Anatolian,38.0407,34.2775,6.8,35.7,1,44,4.92
EQ-2018-1248,2021-02-08 02:15:00,Himalayan Fault Belt,31.4641,80.0226,3.9,33.3,0,0,0.0
EQ-2019-1249,2019-03-25 18:47:00,Gujarat Kutch Zone,22.4724,69.6994,3.1,29.6,0,0,0.0
EQ-2020-1250,2022-10-21 15:22:00,Andaman Nicobar Basin,11.994,92.4631,4.1,57.9,0,0,0.0
EQ-2021-1251,2024-03-31 10:01:00,Assam North-East,24.4703,91.8155,3.7,71.3,0,0,0.0
EQ-2022-1252,2022-11-14 16:54:00,Japan Ring of Fire,36.575,138.5832,2.8,49.7,0,0,0.0
EQ-2023-1253,2023-01-03 13:41:00,Indonesia Subduction Zone,0.1774,114.1778,3.0,61.5,0,0,0.0
EQ-2024-1254,2019-06-10 05:35:00,California Fault,37.4428,-121.2308,4.7,63.3,0,0,0.0
EQ-2025-1255,2018-03-01 15:14:00,Turkey East Anatolian,39.8811,33.8079,2.9,117.0,0,0,0.0
EQ-2018-1256,2019-06-26 22:17:00,Himalayan Fault Belt,30.0934,78.0182,2.9,29.9,0,0,0.0
EQ-2019-1257,2021-04-21 08:00:00,Gujarat Kutch Zone,24.6374,70.8184,3.7,13.8,0,0,0.0
EQ-2020-1258,2020-08-28 16:59:00,Andaman Nicobar Basin,11.4676,92.6008,3.9,27.7,0,0,0.0
EQ-2021-1259,2022-05-02 01:17:00,Assam North-East,24.4451,92.3521,4.0,12.1,0,0,0.0
EQ-2022-1260,2019-05-15 02:17:00,Japan Ring of Fire,36.181,139.2201,6.4,51.1,0,36,0.2
EQ-2023-1261,2023-05-11 00:48:00,Indonesia Subduction Zone,-0.6109,111.7779,3.2,55.8,0,0,0.0
EQ-2024-1262,2019-09-30 12:22:00,California Fault,36.4661,-118.5674,4.3,28.1,0,0,0.0
EQ-2025-1263,2019-09-10 06:53:00,Turkey East Anatolian,38.6709,33.8008,5.9,24.3,0,2,1.89
EQ-2018-1264,2023-07-08 03:24:00,Himalayan Fault Belt,30.478,80.0636,7.2,18.8,1,39,1.88
EQ-2019-1265,2021-11-23 11:11:00,Gujarat Kutch Zone,24.7637,72.44,3.3,57.0,0,0,0.0
EQ-2020-1266,2021-12-20 08:11:00,Andaman Nicobar Basin,10.8262,92.9965,3.8,31.7,0,0,0.0
EQ-2021-1267,2019-01-06 14:12:00,Assam North-East,26.151,94.5052,3.6,17.0,0,0,0.0
EQ-2022-1268,2020-06-13 08:09:00,Japan Ring of Fire,36.933,136.2618,2.9,60.0,0,0,0.0
EQ-2023-1269,2018-06-26 08:48:00,Indonesia Subduction Zone,-0.4633,113.1914,3.7,55.2,0,0,0.0
EQ-2024-1270,2022-03-18 00:21:00,California Fault,33.959,-121.0054,5.1,42.3,0,0,0.0
EQ-2025-1271,2018-12-10 21:57:00,Turkey East Anatolian,39.5239,36.0847,3.5,82.3,0,0,0.0
EQ-2018-1272,2020-08-17 00:31:00,Himalayan Fault Belt,29.2588,78.7805,2.9,67.2,0,0,0.0
EQ-2019-1273,2024-03-10 01:18:00,Gujarat Kutch Zone,22.6492,69.3875,3.3,32.5,0,0,0.0
EQ-2020-1274,2019-03-23 01:05:00,Andaman Nicobar Basin,13.6496,92.3498,7.8,10.3,1,10,8.92
EQ-2021-1275,2021-04-16 11:48:00,Assam North-East,25.6,94.0575,3.6,36.2,0,0,0.0
EQ-2022-1276,2020-06-23 09:18:00,Japan Ring of Fire,35.2979,136.0031,4.7,34.1,0,0,0.0
EQ-2023-1277,2018-10-10 00:39:00,Indonesia Subduction Zone,-4.0915,115.176,3.8,38.1,0,0,0.0
EQ-2024-1278,2023-03-31 11:27:00,California Fault,35.3577,-116.3476,2.8,33.7,0,0,0.0
EQ-2025-1279,2019-07-29 18:52:00,Turkey East Anatolian,38.7606,33.6042,3.9,30.5,0,0,0.0
EQ-2018-1280,2018-09-04 02:10:00,Himalayan Fault Belt,32.1947,77.7251,5.4,39.2,0,42,5.61
EQ-2019-1281,2021-11-19 15:42:00,Gujarat Kutch Zone,22.5336,70.7157,5.1,33.4,0,0,0.0
EQ-2020-1282,2019-08-11 07:55:00,Andaman Nicobar Basin,13.2811,91.1065,3.2,57.4,0,0,0.0
EQ-2021-1283,2018-02-10 05:06:00,Assam North-East,23.5513,93.1939,2.9,35.0,0,0,0.0
EQ-2022-1284,2024-05-09 13:56:00,Japan Ring of Fire,35.6491,140.1385,4.1,24.3,0,0,0.0
EQ-2023-1285,2020-12-06 07:33:00,Indonesia Subduction Zone,-0.2648,114.3589,3.2,24.3,0,0,0.0
EQ-2024-1286,2024-02-17 08:35:00,California Fault,35.8894,-119.8825,5.0,41.6,0,0,0.0
EQ-2025-1287,2019-07-05 06:32:00,Turkey East Anatolian,38.5968,35.5193,3.3,70.2,0,0,0.0
EQ-2018-1288,2024-03-16 06:46:00,Himalayan Fault Belt,29.8812,79.7617,3.2,58.2,0,0,0.0
EQ-2019-1289,2022-08-10 09:55:00,Gujarat Kutch Zone,23.0448,68.6336,3.4,20.5,0,0,0.0
EQ-2020-1290,2019-10-24 01:22:00,Andaman Nicobar Basin,10.1148,92.6407,2.8,24.6,0,0,0.0
EQ-2021-1291,2019-09-25 13:06:00,Assam North-East,26.5121,93.5943,7.6,54.9,0,301,1.57
EQ-2022-1292,2024-06-25 11:12:00,Japan Ring of Fire,38.6682,138.6407,2.9,85.2,0,0,0.0
EQ-2023-1293,2022-09-28 01:07:00,Indonesia Subduction Zone,-3.0422,113.5445,3.9,14.6,0,0,0.0
EQ-2024-1294,2020-12-21 14:40:00,California Fault,35.4186,-120.8377,8.2,12.6,1,60,9.42
EQ-2025-1295,2023-08-07 20:24:00,Turkey East Anatolian,40.0228,34.1786,3.8,13.0,0,0,0.0
EQ-2018-1296,2020-10-28 22:04:00,Himalayan Fault Belt,31.4433,79.3182,4.9,44.6,0,0,0.0
EQ-2019-1297,2020-03-30 10:04:00,Gujarat Kutch Zone,22.8785,70.2893,5.7,14.0,0,12,15.52
EQ-2020-1298,2024-07-23 08:59:00,Andaman Nicobar Basin,11.5681,94.4186,4.0,25.1,0,0,0.0
EQ-2021-1299,2021-10-16 18:30:00,Assam North-East,26.3728,92.1909,7.0,16.4,1,60,22.48
EQ-2022-1300,2019-03-17 01:32:00,Japan Ring of Fire,35.0829,139.1679,3.1,34.2,0,0,0.0
EQ-2023-1301,2019-12-02 16:37:00,Indonesia Subduction Zone,1.9757,113.2921,3.6,12.4,0,0,0.0
EQ-2024-1302,2023-05-23 11:43:00,California Fault,33.5423,-119.0425,3.2,36.0,0,0,0.0
EQ-2025-1303,2020-05-05 13:38:00,Turkey East Anatolian,36.7498,35.138,6.0,17.7,0,159,5.29
EQ-2018-1304,2018-01-19 22:35:00,Himalayan Fault Belt,30.2668,78.9231,6.0,20.2,0,161,6.87
EQ-2019-1305,2024-10-14 12:06:00,Gujarat Kutch Zone,24.5098,68.6015,3.2,45.8,0,0,0.0
EQ-2020-1306,2022-11-10 06:51:00,Andaman Nicobar Basin,12.2036,93.6824,4.7,13.2,0,0,0.0
EQ-2021-1307,2018-04-15 03:21:00,Assam North-East,26.6037,93.1367,3.4,59.0,0,0,0.0
EQ-2022-1308,2022-04-13 12:50:00,Japan Ring of Fire,35.2251,139.6114,2.8,9.2,0,0,0.0
EQ-2023-1309,2021-01-09 04:27:00,Indonesia Subduction Zone,-1.5149,114.3338,5.6,31.1,0,21,3.3
EQ-2024-1310,2018-08-11 15:20:00,California Fault,35.8063,-120.0585,3.0,31.8,0,0,0.0
EQ-2025-1311,2019-01-10 01:12:00,Turkey East Anatolian,40.0266,36.5448,5.0,19.5,0,0,0.0
EQ-2018-1312,2022-01-14 03:14:00,Himalayan Fault Belt,32.6304,80.2007,3.5,19.1,0,0,0.0
EQ-2019-1313,2023-04-28 11:18:00,Gujarat Kutch Zone,21.3168,69.1682,3.8,64.7,0,0,0.0
EQ-2020-1314,2020-04-12 20:16:00,Andaman Nicobar Basin,9.705,91.1797,4.0,30.9,0,0,0.0
EQ-2021-1315,2023-01-04 09:35:00,Assam North-East,25.3146,93.5167,3.7,63.7,0,0,0.0
EQ-2022-1316,2020-04-12 17:34:00,Japan Ring of Fire,35.6021,136.2453,3.1,63.6,0,0,0.0
EQ-2023-1317,2021-03-24 06:02:00,Indonesia Subduction Zone,-1.7515,114.4089,3.6,30.1,0,0,0.0
EQ-2024-1318,2020-06-29 04:04:00,California Fault,36.1292,-120.7178,2.8,23.6,0,0,0.0
EQ-2025-1319,2022-09-28 13:05:00,Turkey East Anatolian,39.6731,34.6454,2.9,28.2,0,0,0.0
EQ-2018-1320,2024-06-10 11:13:00,Himalayan Fault Belt,30.7748,77.1524,3.3,10.9,0,0,0.0
EQ-2019-1321,2020-02-01 05:40:00,Gujarat Kutch Zone,22.8805,69.1882,5.0,56.7,0,0,0.0
EQ-2020-1322,2022-03-03 23:28:00,Andaman Nicobar Basin,11.1391,91.1863,6.9,16.7,1,96,1.45
EQ-2021-1323,2018-06-14 16:38:00,Assam North-East,27.9889,91.8967,3.6,36.1,0,0,0.0
EQ-2022-1324,2023-08-09 01:03:00,Japan Ring of Fire,37.2794,137.6416,3.6,28.0,0,0,0.0
EQ-2023-1325,2022-02-19 07:55:00,Indonesia Subduction Zone,1.2173,115.7743,3.3,20.9,0,0,0.0
EQ-2024-1326,2022-05-25 14:42:00,California Fault,36.6412,-119.2064,3.6,23.1,0,0,0.0
EQ-2025-1327,2022-05-30 20:39:00,Turkey East Anatolian,39.4525,34.9649,3.6,35.3,0,0,0.0
EQ-2018-1328,2022-09-11 16:13:00,Himalayan Fault Belt,31.7551,81.4988,5.8,13.6,0,41,3.25
EQ-2019-1329,2024-07-12 14:40:00,Gujarat Kutch Zone,25.321,72.0344,4.8,33.3,0,0,0.0
EQ-2020-1330,2020-11-02 15:42:00,Andaman Nicobar Basin,11.6907,91.4721,3.2,17.6,0,0,0.0
EQ-2021-1331,2023-01-08 05:19:00,Assam North-East,26.2871,93.2337,2.8,90.3,0,0,0.0
EQ-2022-1332,2019-11-27 21:49:00,Japan Ring of Fire,35.9103,137.034,4.8,11.7,0,0,0.0
EQ-2023-1333,2022-04-22 02:20:00,Indonesia Subduction Zone,-1.4227,114.9279,2.8,46.8,0,0,0.0
EQ-2024-1334,2019-07-01 03:13:00,California Fault,37.3194,-118.4395,4.1,47.6,0,0,0.0
EQ-2025-1335,2021-01-03 22:58:00,Turkey East Anatolian,38.7329,33.953,4.3,53.6,0,0,0.0
EQ-2018-1336,2023-09-24 01:22:00,Himalayan Fault Belt,29.1471,81.5313,3.8,48.5,0,0,0.0
EQ-2019-1337,2024-06-27 07:29:00,Gujarat Kutch Zone,21.2277,70.256,2.9,70.1,0,0,0.0
EQ-2020-1338,2021-05-23 16:13:00,Andaman Nicobar Basin,11.7037,93.8776,3.1,62.4,0,0,0.0
EQ-2021-1339,2022-08-21 07:16:00,Assam North-East,24.9369,92.1627,2.8,59.5,0,0,0.0
EQ-2022-1340,2022-01-09 18:17:00,Japan Ring of Fire,36.5358,139.9775,3.0,21.8,0,0,0.0
EQ-2023-1341,2020-10-08 00:52:00,Indonesia Subduction Zone,1.3806,115.3867,2.9,14.1,0,0,0.0
EQ-2024-1342,2022-02-03 12:55:00,California Fault,37.6386,-119.1161,3.7,67.0,0,0,0.0
EQ-2025-1343,2022-10-06 16:30:00,Turkey East Anatolian,38.9693,32.8771,3.2,37.1,0,0,0.0
EQ-2018-1344,2024-03-06 22:46:00,Himalayan Fault Belt,29.363,79.6724,4.3,19.9,0,0,0.0
EQ-2019-1345,2022-01-15 10:11:00,Gujarat Kutch Zone,22.3395,72.9253,3.3,33.8,0,0,0.0
EQ-2020-1346,2024-09-14 07:50:00,Andaman Nicobar Basin,10.4364,90.4445,6.1,13.3,0,53,3.2
EQ-2021-1347,2020-07-17 08:42:00,Assam North-East,27.2073,94.1115,2.8,41.5,0,0,0.0
EQ-2022-1348,2022-10-13 21:56:00,Japan Ring of Fire,35.2203,138.3064,3.2,34.0,0,0,0.0
EQ-2023-1349,2023-06-21 03:46:00,Indonesia Subduction Zone,-0.9473,113.3598,6.6,30.3,0,45,0.45
EQ-2024-1350,2022-01-22 15:51:00,California Fault,36.1561,-117.657,4.9,23.1,0,0,0.0
EQ-2025-1351,2022-10-18 12:55:00,Turkey East Anatolian,39.579,36.3793,4.5,42.8,0,0,0.0
EQ-2018-1352,2022-01-01 18:08:00,Himalayan Fault Belt,32.0295,79.9721,3.3,13.3,0,0,0.0
EQ-2019-1353,2018-04-28 00:53:00,Gujarat Kutch Zone,25.4712,69.6057,3.4,43.6,0,0,0.0
EQ-2020-1354,2023-11-29 10:13:00,Andaman Nicobar Basin,9.6074,92.8428,5.0,25.8,0,0,0.0
EQ-2021-1355,2020-01-10 23:21:00,Assam North-East,24.3068,95.8951,2.8,48.5,0,0,0.0
EQ-2022-1356,2023-06-19 02:54:00,Japan Ring of Fire,38.6215,138.4596,3.2,46.6,0,0,0.0
EQ-2023-1357,2022-03-05 11:04:00,Indonesia Subduction Zone,0.0818,113.6148,3.2,33.9,0,0,0.0
EQ-2024-1358,2018-11-03 07:36:00,California Fault,36.8222,-117.5412,3.3,54.4,0,0,0.0
EQ-2025-1359,2020-12-18 10:43:00,Turkey East Anatolian,37.3783,36.5143,3.9,33.6,0,0,0.0
EQ-2018-1360,2021-05-26 08:35:00,Himalayan Fault Belt,30.8575,79.6795,6.1,19.8,0,250,18.64
EQ-2019-1361,2022-05-14 18:33:00,Gujarat Kutch Zone,26.3889,70.6445,2.9,31.0,0,0,0.0
EQ-2020-1362,2020-12-27 16:46:00,Andaman Nicobar Basin,11.2498,92.3187,4.0,38.4,0,0,0.0
EQ-2021-1363,2018-08-04 09:18:00,Assam North-East,27.1956,93.5261,4.8,14.9,0,0,0.0
EQ-2022-1364,2024-04-14 15:45:00,Japan Ring of Fire,36.3988,137.7403,4.2,29.9,0,0,0.0
EQ-2023-1365,2022-05-01 07:32:00,Indonesia Subduction Zone,0.1476,115.1427,3.3,17.7,0,0,0.0
EQ-2024-1366,2023-08-13 16:29:00,California Fault,37.4856,-119.1784,4.5,12.3,0,0,0.0
EQ-2025-1367,2024-07-06 05:32:00,Turkey East Anatolian,39.23,34.9309,5.5,58.7,0,44,2.33
EQ-2018-1368,2021-09-17 19:22:00,Himalayan Fault Belt,29.586,79.3719,4.0,29.1,0,0,0.0
EQ-2019-1369,2023-01-09 04:04:00,Gujarat Kutch Zone,24.4879,69.9033,3.0,17.2,0,0,0.0
EQ-2020-1370,2022-06-18 13:52:00,Andaman Nicobar Basin,13.2804,93.96,4.6,24.3,0,0,0.0
EQ-2021-1371,2024-10-04 01:13:00,Assam North-East,27.283,92.7353,6.7,42.5,0,157,4.16
EQ-2022-1372,2020-05-21 05:21:00,Japan Ring of Fire,36.7007,139.8404,2.9,34.8,0,0,0.0
EQ-2023-1373,2021-04-11 00:09:00,Indonesia Subduction Zone,0.8852,113.9793,3.2,20.7,0,0,0.0
EQ-2024-1374,2024-09-17 10:28:00,California Fault,34.9518,-115.2049,3.6,11.0,0,0,0.0
EQ-2025-1375,2022-11-28 18:01:00,Turkey East Anatolian,36.9544,34.493,4.0,8.6,0,0,0.0
EQ-2018-1376,2022-11-08 12:12:00,Himalayan Fault Belt,32.4322,78.0352,6.6,47.4,0,55,10.65
EQ-2019-1377,2023-08-01 05:26:00,Gujarat Kutch Zone,21.1799,72.0266,3.3,26.6,0,0,0.0
EQ-2020-1378,2018-03-25 23:42:00,Andaman Nicobar Basin,11.908,92.3208,4.5,58.0,0,0,0.0
EQ-2021-1379,2019-04-20 13:55:00,Assam North-East,23.7975,93.2564,3.2,47.4,0,0,0.0
EQ-2022-1380,2018-02-09 03:08:00,Japan Ring of Fire,34.25,139.0126,3.5,23.6,0,0,0.0
EQ-2023-1381,2018-10-06 14:36:00,Indonesia Subduction Zone,0.2993,114.7935,3.3,31.2,0,0,0.0
EQ-2024-1382,2022-03-19 06:23:00,California Fault,38.2725,-118.5717,2.9,18.3,0,0,0.0
EQ-2025-1383,2018-11-02 11:41:00,Turkey East Anatolian,37.7722,36.4608,5.1,49.5,0,0,0.0
EQ-2018-1384,2020-11-11 03:32:00,Himalayan Fault Belt,29.8152,79.8811,3.2,23.7,0,0,0.0
EQ-2019-1385,2023-09-11 07:22:00,Gujarat Kutch Zone,22.5111,68.594,3.4,32.9,0,0,0.0
EQ-2020-1386,2022-05-03 07:15:00,Andaman Nicobar Basin,11.8599,90.6009,3.2,24.2,0,0,0.0
EQ-2021-1387,2021-04-29 09:22:00,Assam North-East,28.2605,91.8906,3.8,37.0,0,0,0.0
EQ-2022-1388,2020-10-03 06:46:00,Japan Ring of Fire,36.9281,137.9802,4.9,57.3,0,0,0.0
EQ-2023-1389,2019-08-05 04:21:00,Indonesia Subduction Zone,0.4146,113.6541,2.9,28.7,0,0,0.0
EQ-2024-1390,2018-07-11 01:04:00,California Fault,35.5695,-118.8552,3.0,47.2,0,0,0.0
EQ-2025-1391,2023-04-22 06:08:00,Turkey East Anatolian,40.3694,34.7805,3.6,8.0,0,0,0.0
EQ-2018-1392,2021-04-06 05:38:00,Himalayan Fault Belt,30.4277,79.5458,3.1,51.5,0,0,0.0
EQ-2019-1393,2023-01-30 10:58:00,Gujarat Kutch Zone,24.1902,67.866,3.6,19.3,0,0,0.0
EQ-2020-1394,2020-06-01 05:12:00,Andaman Nicobar Basin,10.5043,92.3642,5.2,21.8,0,0,0.0
EQ-2021-1395,2019-08-18 20:02:00,Assam North-East,24.4647,92.2207,4.0,48.1,0,0,0.0
EQ-2022-1396,2019-06-01 09:28:00,Japan Ring of Fire,36.2837,137.4323,3.2,14.9,0,0,0.0
EQ-2023-1397,2018-02-19 00:18:00,Indonesia Subduction Zone,-2.4032,114.2176,3.1,53.2,0,0,0.0
EQ-2024-1398,2024-09-04 03:34:00,California Fault,36.0876,-119.1459,3.1,33.3,0,0,0.0
EQ-2025-1399,2022-12-21 05:37:00,Turkey East Anatolian,38.9514,34.5683,4.5,12.1,0,0,0.0
EQ-2018-1400,2019-11-12 18:25:00,Himalayan Fault Belt,30.4673,78.6793,7.3,32.3,1,159,6.36
EQ-2019-1401,2023-01-01 03:27:00,Gujarat Kutch Zone,22.3728,68.6701,3.2,9.7,0,0,0.0
EQ-2020-1402,2022-02-27 03:49:00,Andaman Nicobar Basin,12.6614,95.233,4.2,36.0,0,0,0.0
EQ-2021-1403,2024-08-11 23:57:00,Assam North-East,24.2199,92.86,4.2,18.4,0,0,0.0
EQ-2022-1404,2020-01-15 01:39:00,Japan Ring of Fire,37.8494,139.3463,3.4,9.7,0,0,0.0
EQ-2023-1405,2021-06-25 14:27:00,Indonesia Subduction Zone,1.7839,116.4864,3.1,15.4,0,0,0.0
EQ-2024-1406,2018-03-24 18:16:00,California Fault,37.9568,-117.9965,3.4,30.9,0,0,0.0
EQ-2025-1407,2020-04-21 06:09:00,Turkey East Anatolian,38.693,34.5375,4.1,39.1,0,0,0.0
EQ-2018-1408,2021-06-25 14:19:00,Himalayan Fault Belt,29.4988,80.4057,5.4,35.4,0,53,4.48
EQ-2019-1409,2018-05-31 18:54:00,Gujarat Kutch Zone,23.8566,70.969,2.9,15.5,0,0,0.0
EQ-2020-1410,2018-11-27 05:37:00,Andaman Nicobar Basin,10.7595,91.8714,3.2,79.7,0,0,0.0
EQ-2021-1411,2021-04-02 05:18:00,Assam North-East,25.139,91.2262,5.4,13.9,0,44,0.99
EQ-2022-1412,2019-01-25 04:54:00,Japan Ring of Fire,37.9004,139.0176,4.4,17.9,0,0,0.0
EQ-2023-1413,2019-07-22 20:10:00,Indonesia Subduction Zone,-0.7345,112.9568,5.5,11.7,0,35,4.66
EQ-2024-1414,2023-11-10 01:02:00,California Fault,37.6969,-120.6208,3.5,91.8,0,0,0.0
EQ-2025-1415,2018-09-13 02:14:00,Turkey East Anatolian,38.08,34.4251,2.8,9.0,0,0,0.0
EQ-2018-1416,2022-11-13 02:00:00,Himalayan Fault Belt,30.4834,78.1723,5.9,35.2,0,21,1.02
EQ-2019-1417,2022-06-08 13:22:00,Gujarat Kutch Zone,23.0486,70.6512,5.4,14.8,0,92,0.04
EQ-2020-1418,2024-01-10 22:14:00,Andaman Nicobar Basin,11.5751,93.6357,3.8,50.6,0,0,0.0
EQ-2021-1419,2021-04-15 23:05:00,Assam North-East,24.4601,93.7388,4.7,20.6,0,0,0.0
EQ-2022-1420,2024-04-27 01:26:00,Japan Ring of Fire,35.1192,137.2793,3.3,21.9,0,0,0.0
EQ-2023-1421,2021-08-01 21:02:00,Indonesia Subduction Zone,0.4597,114.1098,4.5,33.3,0,0,0.0
EQ-2024-1422,2019-08-20 07:29:00,California Fault,35.5146,-118.7583,4.2,22.8,0,0,0.0
EQ-2025-1423,2019-12-22 10:37:00,Turkey East Anatolian,38.6459,36.7541,3.2,33.3,0,0,0.0
EQ-2018-1424,2024-03-03 04:06:00,Himalayan Fault Belt,29.6485,77.4898,2.9,32.1,0,0,0.0
EQ-2019-1425,2022-08-15 06:02:00,Gujarat Kutch Zone,21.6673,69.0216,3.3,16.3,0,0,0.0
EQ-2020-1426,2019-03-25 15:45:00,Andaman Nicobar Basin,9.1895,94.3954,3.5,86.6,0,0,0.0
EQ-2021-1427,2018-08-27 03:24:00,Assam North-East,25.9675,93.6362,3.8,8.0,0,0,0.0
EQ-2022-1428,2021-07-16 22:28:00,Japan Ring of Fire,36.1494,140.5177,6.0,37.5,0,109,7.02
EQ-2023-1429,2023-07-20 06:55:00,Indonesia Subduction Zone,-0.8339,114.5448,5.1,65.8,0,0,0.0
EQ-2024-1430,2022-06-10 05:35:00,California Fault,37.4625,-118.9711,4.4,56.4,0,0,0.0
EQ-2025-1431,2018-12-05 10:58:00,Turkey East Anatolian,39.9849,34.5855,3.2,25.0,0,0,0.0
EQ-2018-1432,2024-05-28 22:38:00,Himalayan Fault Belt,29.54,78.9238,3.4,25.0,0,0,0.0
EQ-2019-1433,2024-07-10 08:51:00,Gujarat Kutch Zone,24.6288,70.2298,2.9,20.7,0,0,0.0
EQ-2020-1434,2022-03-11 14:02:00,Andaman Nicobar Basin,10.4066,91.8735,3.3,19.8,0,0,0.0
EQ-2021-1435,2020-12-21 21:19:00,Assam North-East,25.2786,94.5473,2.8,53.8,0,0,0.0
EQ-2022-1436,2021-03-05 20:24:00,Japan Ring of Fire,35.9582,138.1922,4.8,35.6,0,0,0.0
EQ-2023-1437,2021-05-19 00:43:00,Indonesia Subduction Zone,1.0356,115.5759,4.5,38.9,0,0,0.0
EQ-2024-1438,2020-09-17 14:58:00,California Fault,35.8352,-118.7654,3.1,36.2,0,0,0.0
EQ-2025-1439,2022-09-02 21:32:00,Turkey East Anatolian,39.5558,36.7628,5.1,23.7,0,0,0.0
EQ-2018-1440,2019-10-12 04:59:00,Himalayan Fault Belt,29.5339,80.8065,3.9,38.3,0,0,0.0
EQ-2019-1441,2019-01-06 14:17:00,Gujarat Kutch Zone,22.0257,70.4551,3.9,75.9,0,0,0.0
EQ-2020-1442,2023-10-10 19:12:00,Andaman Nicobar Basin,12.3788,92.6271,3.5,76.7,0,0,0.0
EQ-2021-1443,2020-07-11 14:27:00,Assam North-East,28.4038,94.5569,3.5,32.3,0,0,0.0
EQ-2022-1444,2019-01-27 12:48:00,Japan Ring of Fire,36.9368,138.8341,3.5,47.2,0,0,0.0
EQ-2023-1445,2022-06-03 13:47:00,Indonesia Subduction Zone,0.1996,111.86,3.4,25.3,0,0,0.0
EQ-2024-1446,2018-08-18 21:21:00,California Fault,36.8144,-119.7161,3.3,45.4,0,0,0.0
EQ-2025-1447,2023-09-06 21:39:00,Turkey East Anatolian,38.6493,35.8927,4.3,43.3,0,0,0.0
EQ-2018-1448,2023-03-20 13:22:00,Himalayan Fault Belt,31.223,80.2502,2.8,113.8,0,0,0.0
EQ-2019-1449,2023-08-09 08:27:00,Gujarat Kutch Zone,22.0884,69.9528,4.6,27.5,0,0,0.0
EQ-2020-1450,2023-05-06 03:26:00,Andaman Nicobar Basin,10.2584,93.5303,2.8,44.1,0,0,0.0
EQ-2021-1451,2023-12-26 05:38:00,Assam North-East,27.0947,92.7545,6.1,30.1,0,68,30.47
EQ-2022-1452,2023-04-28 10:50:00,Japan Ring of Fire,35.7783,140.0761,4.3,11.9,0,0,0.0
EQ-2023-1453,2022-08-12 12:59:00,Indonesia Subduction Zone,-1.4438,113.6522,3.7,42.5,0,0,0.0
EQ-2024-1454,2024-02-15 15:13:00,California Fault,38.069,-119.4222,3.5,30.1,0,0,0.0
EQ-2025-1455,2020-07-28 22:46:00,Turkey East Anatolian,39.8584,36.1259,2.9,23.7,0,0,0.0
EQ-2018-1456,2024-02-19 10:15:00,Himalayan Fault Belt,31.8355,80.2932,4.1,18.2,0,0,0.0
EQ-2019-1457,2019-10-16 23:47:00,Gujarat Kutch Zone,22.9176,69.5228,4.1,84.4,0,0,0.0
EQ-2020-1458,2018-03-31 18:37:00,Andaman Nicobar Basin,11.485,91.1784,3.5,43.2,0,0,0.0
EQ-2021-1459,2022-05-30 14:35:00,Assam North-East,25.8203,93.2575,5.0,53.9,0,0,0.0
EQ-2022-1460,2019-09-20 07:18:00,Japan Ring of Fire,35.641,138.019,2.8,17.4,0,0,0.0
EQ-2023-1461,2021-06-16 15:51:00,Indonesia Subduction Zone,-0.9588,114.2983,3.1,48.9,0,0,0.0
EQ-2024-1462,2020-06-03 06:05:00,California Fault,37.4554,-120.3652,3.2,36.0,0,0,0.0
EQ-2025-1463,2020-07-13 08:13:00,Turkey East Anatolian,39.0897,34.3803,7.2,26.4,1,61,0.82
EQ-2018-1464,2023-08-03 09:43:00,Himalayan Fault Belt,29.7085,78.1542,3.6,21.6,0,0,0.0
EQ-2019-1465,2020-06-22 18:36:00,Gujarat Kutch Zone,23.1581,67.9573,4.7,22.1,0,0,0.0
EQ-2020-1466,2023-11-19 18:29:00,Andaman Nicobar Basin,11.1154,92.2777,3.2,67.0,0,0,0.0
EQ-2021-1467,2018-01-31 23:18:00,Assam North-East,24.1337,93.2392,2.9,36.0,0,0,0.0
EQ-2022-1468,2023-04-28 22:58:00,Japan Ring of Fire,37.2213,140.0007,3.0,72.2,0,0,0.0
EQ-2023-1469,2022-01-02 01:45:00,Indonesia Subduction Zone,-0.9191,113.7071,7.8,55.9,0,52,6.47
EQ-2024-1470,2018-02-09 10:59:00,California Fault,36.052,-120.7104,3.8,33.5,0,0,0.0
EQ-2025-1471,2021-05-19 07:23:00,Turkey East Anatolian,37.7531,35.0199,3.6,23.8,0,0,0.0
EQ-2018-1472,2023-04-17 14:36:00,Himalayan Fault Belt,31.6417,78.5602,3.4,21.1,0,0,0.0
EQ-2019-1473,2023-08-06 18:15:00,Gujarat Kutch Zone,21.1428,72.285,3.6,76.6,0,0,0.0
EQ-2020-1474,2022-07-25 21:00:00,Andaman Nicobar Basin,13.4723,91.2987,3.0,12.4,0,0,0.0
EQ-2021-1475,2024-04-13 01:11:00,Assam North-East,25.849,94.0165,3.9,26.4,0,0,0.0
EQ-2022-1476,2018-11-04 22:48:00,Japan Ring of Fire,37.6955,137.5255,3.1,62.5,0,0,0.0
EQ-2023-1477,2018-10-03 08:19:00,Indonesia Subduction Zone,-1.8324,116.8753,3.9,104.6,0,0,0.0
EQ-2024-1478,2023-07-27 01:48:00,California Fault,35.9352,-118.8499,3.5,18.6,0,0,0.0
EQ-2025-1479,2020-02-20 20:52:00,Turkey East Anatolian,38.686,35.1705,5.9,42.9,0,45,8.37
EQ-2018-1480,2021-04-09 10:05:00,Himalayan Fault Belt,30.4463,77.5433,3.5,21.1,0,0,0.0
EQ-2019-1481,2021-05-09 20:03:00,Gujarat Kutch Zone,25.166,69.2808,3.7,14.1,0,0,0.0
EQ-2020-1482,2022-09-14 23:10:00,Andaman Nicobar Basin,12.3099,97.4115,2.9,31.1,0,0,0.0
EQ-2021-1483,2020-10-13 15:52:00,Assam North-East,24.8854,91.1362,2.9,24.6,0,0,0.0
EQ-2022-1484,2022-02-13 06:55:00,Japan Ring of Fire,37.2573,140.0672,3.1,32.0,0,0,0.0
EQ-2023-1485,2018-12-08 15:45:00,Indonesia Subduction Zone,-1.5522,115.2533,5.0,33.6,0,0,0.0
EQ-2024-1486,2020-03-27 19:32:00,California Fault,38.0463,-120.3821,3.5,25.5,0,0,0.0
EQ-2025-1487,2018-09-30 17:09:00,Turkey East Anatolian,38.4377,35.1101,6.0,35.2,0,85,2.36
EQ-2018-1488,2021-04-24 04:11:00,Himalayan Fault Belt,30.8976,79.6401,3.2,51.1,0,0,0.0
EQ-2019-1489,2018-07-29 13:35:00,Gujarat Kutch Zone,25.2672,69.2752,3.5,25.8,0,0,0.0
EQ-2020-1490,2019-06-21 13:21:00,Andaman Nicobar Basin,11.1379,91.3144,6.0,36.8,0,15,0.03
EQ-2021-1491,2021-05-03 21:46:00,Assam North-East,24.1228,91.4237,3.0,50.4,0,0,0.0
EQ-2022-1492,2022-02-03 19:15:00,Japan Ring of Fire,36.9625,136.8591,3.4,52.7,0,0,0.0
EQ-2023-1493,2019-11-01 23:21:00,Indonesia Subduction Zone,-1.0639,115.2627,3.2,14.1,0,0,0.0
EQ-2024-1494,2022-11-24 19:26:00,California Fault,37.9223,-119.0506,4.9,28.9,0,0,0.0
EQ-2025-1495,2023-10-19 10:24:00,Turkey East Anatolian,37.4373,35.9309,3.9,67.1,0,0,0.0
EQ-2018-1496,2023-12-26 05:44:00,Himalayan Fault Belt,30.5517,78.6921,2.9,31.3,0,0,0.0
EQ-2019-1497,2023-10-05 07:22:00,Gujarat Kutch Zone,24.7923,70.977,2.9,18.5,0,0,0.0
EQ-2020-1498,2020-04-23 11:56:00,Andaman Nicobar Basin,11.8787,91.8847,4.4,31.4,0,0,0.0
EQ-2021-1499,2019-08-29 07:36:00,Assam North-East,25.2453,90.9068,6.1,43.1,0,2,9.93
EQ-2022-1500,2022-06-25 01:50:00,Japan Ring of Fire,35.5105,137.6962,2.9,30.5,0,0,0.0
EQ-2023-1501,2021-09-20 20:32:00,Indonesia Subduction Zone,-1.3411,112.6082,4.2,34.5,0,0,0.0
EQ-2024-1502,2019-05-11 09:49:00,California Fault,36.1139,-118.8959,2.9,13.4,0,0,0.0
EQ-2025-1503,2019-10-17 04:28:00,Turkey East Anatolian,39.2368,35.1595,3.0,49.9,0,0,0.0
EQ-2018-1504,2020-09-12 06:29:00,Himalayan Fault Belt,28.2563,78.5338,6.0,37.1,0,13,6.6
EQ-2019-1505,2024-08-28 09:15:00,Gujarat Kutch Zone,25.8486,70.0708,4.3,39.7,0,0,0.0
EQ-2020-1506,2022-06-24 02:01:00,Andaman Nicobar Basin,12.02,91.6116,6.1,20.3,0,141,10.99
EQ-2021-1507,2020-03-10 19:47:00,Assam North-East,25.7691,91.1264,3.2,67.4,0,0,0.0
EQ-2022-1508,2018-07-06 12:11:00,Japan Ring of Fire,38.2819,137.1719,4.1,26.9,0,0,0.0
EQ-2023-1509,2018-05-16 13:11:00,Indonesia Subduction Zone,-1.5953,114.0189,4.3,10.6,0,0,0.0
EQ-2024-1510,2022-01-21 20:53:00,California Fault,37.7729,-119.9961,2.9,6.8,0,0,0.0
EQ-2025-1511,2018-06-20 23:25:00,Turkey East Anatolian,38.2042,37.3878,3.5,37.4,0,0,0.0
EQ-2018-1512,2023-08-16 04:47:00,Himalayan Fault Belt,30.7808,78.7018,3.7,25.8,0,0,0.0
EQ-2019-1513,2021-05-10 20:35:00,Gujarat Kutch Zone,24.8975,68.1188,3.8,22.8,0,0,0.0
EQ-2020-1514,2020-08-16 14:08:00,Andaman Nicobar Basin,12.1055,92.3995,3.8,41.9,0,0,0.0
EQ-2021-1515,2021-05-01 02:29:00,Assam North-East,26.4966,91.9633,4.1,63.9,0,0,0.0
EQ-2022-1516,2018-08-13 01:52:00,Japan Ring of Fire,35.3517,139.2267,8.4,31.4,1,70,4.01
EQ-2023-1517,2022-05-29 11:57:00,Indonesia Subduction Zone,-1.1837,113.7743,5.8,33.8,0,88,6.5
EQ-2024-1518,2023-09-27 01:38:00,California Fault,35.4339,-118.1001,2.9,20.6,0,0,0.0
EQ-2025-1519,2024-04-24 14:03:00,Turkey East Anatolian,39.7635,34.3872,6.4,14.4,0,3,19.88
EQ-2018-1520,2018-07-06 10:55:00,Himalayan Fault Belt,29.4261,78.5343,2.8,11.6,0,0,0.0
EQ-2019-1521,2020-04-06 04:42:00,Gujarat Kutch Zone,23.3929,69.9549,3.9,37.3,0,0,0.0
EQ-2020-1522,2019-07-29 16:39:00,Andaman Nicobar Basin,11.6108,94.5771,3.0,38.8,0,0,0.0
EQ-2021-1523,2019-06-04 01:29:00,Assam North-East,25.2796,91.9983,3.0,18.7,0,0,0.0
EQ-2022-1524,2020-07-14 06:39:00,Japan Ring of Fire,34.9191,138.0672,3.3,16.3,0,0,0.0
EQ-2023-1525,2021-12-30 07:40:00,Indonesia Subduction Zone,0.6756,112.3979,5.3,49.0,0,45,6.8
EQ-2024-1526,2021-04-02 15:17:00,California Fault,37.7993,-120.1278,3.0,39.9,0,0,0.0
EQ-2025-1527,2020-04-09 03:40:00,Turkey East Anatolian,38.9061,34.8931,4.9,9.0,0,0,0.0
EQ-2018-1528,2023-04-23 09:41:00,Himalayan Fault Belt,31.6129,77.4474,3.2,12.9,0,0,0.0
EQ-2019-1529,2023-02-22 10:37:00,Gujarat Kutch Zone,23.8365,70.4344,3.0,15.7,0,0,0.0
EQ-2020-1530,2023-01-08 10:48:00,Andaman Nicobar Basin,11.8323,91.6977,2.8,31.4,0,0,0.0
EQ-2021-1531,2023-03-23 19:21:00,Assam North-East,26.5715,95.1955,5.2,25.0,0,0,0.0
EQ-2022-1532,2024-10-06 04:04:00,Japan Ring of Fire,34.0088,135.9967,3.8,17.7,0,0,0.0
EQ-2023-1533,2020-06-26 10:06:00,Indonesia Subduction Zone,-2.784,113.262,3.0,34.5,0,0,0.0
EQ-2024-1534,2021-02-05 08:50:00,California Fault,35.6873,-120.4394,3.1,45.1,0,0,0.0
EQ-2025-1535,2024-02-08 16:01:00,Turkey East Anatolian,39.7654,36.0805,3.3,39.8,0,0,0.0
EQ-2018-1536,2021-06-23 21:00:00,Himalayan Fault Belt,31.3204,78.9335,3.3,62.5,0,0,0.0
EQ-2019-1537,2024-01-19 19:43:00,Gujarat Kutch Zone,25.0734,71.2875,2.9,36.8,0,0,0.0
EQ-2020-1538,2022-09-08 13:07:00,Andaman Nicobar Basin,12.6352,92.6532,3.3,24.4,0,0,0.0
EQ-2021-1539,2023-07-31 15:22:00,Assam North-East,25.4729,94.8352,4.1,28.2,0,0,0.0
EQ-2022-1540,2020-05-20 04:39:00,Japan Ring of Fire,37.6003,138.8114,3.4,38.2,0,0,0.0
EQ-2023-1541,2019-11-05 19:11:00,Indonesia Subduction Zone,0.758,114.7602,5.0,7.4,0,0,0.0
EQ-2024-1542,2018-05-28 04:53:00,California Fault,37.7573,-118.5577,9.0,10.1,1,82,0.03
EQ-2025-1543,2022-01-25 11:49:00,Turkey East Anatolian,40.049,33.9427,4.1,18.6,0,0,0.0
EQ-2018-1544,2019-01-07 14:14:00,Himalayan Fault Belt,31.2589,79.3479,5.0,28.4,0,0,0.0
EQ-2019-1545,2021-10-10 13:04:00,Gujarat Kutch Zone,19.6746,71.0577,3.0,46.7,0,0,0.0
EQ-2020-1546,2023-06-09 13:56:00,Andaman Nicobar Basin,10.3174,92.9136,2.9,65.7,0,0,0.0
EQ-2021-1547,2023-02-22 10:07:00,Assam North-East,25.7719,91.3333,2.9,20.2,0,0,0.0
EQ-2022-1548,2023-02-16 11:45:00,Japan Ring of Fire,37.9022,135.2146,5.3,20.6,0,59,4.76
EQ-2023-1549,2022-02-07 23:07:00,Indonesia Subduction Zone,0.4376,112.9492,4.0,23.0,0,0,0.0
EQ-2024-1550,2018-06-20 10:52:00,California Fault,38.021,-118.1264,4.5,30.0,0,0,0.0
EQ-2025-1551,2020-12-02 03:30:00,Turkey East Anatolian,40.3,36.3496,3.2,47.0,0,0,0.0
EQ-2018-1552,2018-05-17 17:23:00,Himalayan Fault Belt,30.8361,77.1961,3.7,15.4,0,0,0.0
EQ-2019-1553,2024-10-22 11:05:00,Gujarat Kutch Zone,22.2298,71.222,7.2,40.1,1,44,29.87
EQ-2020-1554,2021-06-09 05:27:00,Andaman Nicobar Basin,9.5924,92.9144,3.4,79.1,0,0,0.0
EQ-2021-1555,2023-04-29 10:51:00,Assam North-East,26.8073,94.9078,3.3,42.8,0,0,0.0
EQ-2022-1556,2018-04-28 01:55:00,Japan Ring of Fire,37.0473,137.9088,2.8,23.4,0,0,0.0
EQ-2023-1557,2022-01-01 20:38:00,Indonesia Subduction Zone,-0.9667,112.7424,4.5,76.7,0,0,0.0
EQ-2024-1558,2024-07-09 13:17:00,California Fault,35.915,-118.1492,3.8,56.9,0,0,0.0
EQ-2025-1559,2019-11-16 01:18:00,Turkey East Anatolian,38.3742,33.8264,2.9,30.0,0,0,0.0
EQ-2018-1560,2019-05-21 07:01:00,Himalayan Fault Belt,30.8697,78.9635,2.8,72.2,0,0,0.0
EQ-2019-1561,2021-04-07 05:29:00,Gujarat Kutch Zone,25.2778,67.2701,4.4,13.3,0,0,0.0
EQ-2020-1562,2021-04-26 15:29:00,Andaman Nicobar Basin,14.6335,92.0493,3.8,9.5,0,0,0.0
EQ-2021-1563,2023-10-20 07:57:00,Assam North-East,24.2712,93.1302,4.2,22.8,0,0,0.0
EQ-2022-1564,2023-01-09 21:46:00,Japan Ring of Fire,35.2768,137.8864,2.9,16.8,0,0,0.0
EQ-2023-1565,2019-07-13 20:10:00,Indonesia Subduction Zone,-2.0135,112.5906,3.0,36.0,0,0,0.0
EQ-2024-1566,2021-07-25 20:26:00,California Fault,38.3488,-121.2514,3.7,24.2,0,0,0.0
EQ-2025-1567,2024-08-27 07:21:00,Turkey East Anatolian,36.6288,33.3297,3.1,15.1,0,0,0.0
EQ-2018-1568,2023-09-12 20:52:00,Himalayan Fault Belt,32.35,77.1047,4.7,15.4,0,0,0.0
EQ-2019-1569,2020-02-09 02:51:00,Gujarat Kutch Zone,24.1342,71.5377,3.3,37.7,0,0,0.0
EQ-2020-1570,2021-12-15 20:09:00,Andaman Nicobar Basin,9.9324,92.858,5.6,20.2,0,36,0.25
EQ-2021-1571,2019-01-18 02:13:00,Assam North-East,26.011,93.5018,3.9,59.3,0,0,0.0
EQ-2022-1572,2023-03-02 23:55:00,Japan Ring of Fire,35.5288,135.279,2.8,10.7,0,0,0.0
EQ-2023-1573,2021-09-15 21:14:00,Indonesia Subduction Zone,-1.0601,113.851,3.6,41.0,0,0,0.0
EQ-2024-1574,2021-09-24 12:57:00,California Fault,37.3762,-120.111,3.5,34.8,0,0,0.0
EQ-2025-1575,2020-06-22 08:39:00,Turkey East Anatolian,38.4268,33.4938,2.9,36.0,0,0,0.0
EQ-2018-1576,2019-07-11 19:19:00,Himalayan Fault Belt,27.5018,78.7627,3.6,33.8,0,0,0.0
EQ-2019-1577,2023-08-25 13:58:00,Gujarat Kutch Zone,25.5349,72.2767,5.3,42.2,0,2,0.85
EQ-2020-1578,2022-07-04 15:51:00,Andaman Nicobar Basin,11.7826,95.2244,2.9,43.4,0,0,0.0
EQ-2021-1579,2019-02-24 14:48:00,Assam North-East,26.3559,92.9051,7.8,44.7,1,9,16.8
EQ-2022-1580,2020-12-15 19:38:00,Japan Ring of Fire,37.094,139.3642,3.0,13.2,0,0,0.0
EQ-2023-1581,2023-07-25 05:22:00,Indonesia Subduction Zone,-1.3448,115.6402,4.1,23.8,0,0,0.0
EQ-2024-1582,2024-10-12 21:32:00,California Fault,36.7703,-119.3372,6.8,40.8,1,19,0.48
EQ-2025-1583,2021-02-11 18:54:00,Turkey East Anatolian,37.4863,35.6088,3.9,24.2,0,0,0.0
EQ-2018-1584,2020-11-03 06:13:00,Himalayan Fault Belt,29.5962,80.4168,8.7,19.7,1,279,13.66
EQ-2019-1585,2021-08-05 15:14:00,Gujarat Kutch Zone,25.139,70.8939,3.9,20.0,0,0,0.0
EQ-2020-1586,2022-06-23 02:06:00,Andaman Nicobar Basin,12.6909,91.7878,3.0,30.8,0,0,0.0
EQ-2021-1587,2019-02-23 07:23:00,Assam North-East,27.0354,90.3398,3.4,33.2,0,0,0.0
EQ-2022-1588,2023-10-14 11:02:00,Japan Ring of Fire,36.2075,138.8103,3.5,76.7,0,0,0.0
EQ-2023-1589,2023-04-25 05:12:00,Indonesia Subduction Zone,0.509,112.7992,4.2,44.9,0,0,0.0
EQ-2024-1590,2021-08-19 11:19:00,California Fault,36.8588,-120.1397,3.1,15.2,0,0,0.0
EQ-2025-1591,2018-10-23 01:51:00,Turkey East Anatolian,38.7798,32.9962,2.9,14.8,0,0,0.0
EQ-2018-1592,2022-06-16 23:44:00,Himalayan Fault Belt,31.9717,78.7948,3.3,14.6,0,0,0.0
EQ-2019-1593,2020-06-20 18:18:00,Gujarat Kutch Zone,22.386,70.6813,3.3,49.9,0,0,0.0
EQ-2020-1594,2022-04-04 02:25:00,Andaman Nicobar Basin,11.4922,93.4687,3.0,32.5,0,0,0.0
EQ-2021-1595,2019-05-23 19:09:00,Assam North-East,24.4328,94.6539,3.0,47.5,0,0,0.0
EQ-2022-1596,2019-12-24 17:28:00,Japan Ring of Fire,34.6384,139.3235,3.9,33.8,0,0,0.0
EQ-2023-1597,2022-01-02 23:45:00,Indonesia Subduction Zone,-0.3951,114.1329,3.8,20.5,0,0,0.0
EQ-2024-1598,2023-03-03 14:32:00,California Fault,35.752,-118.7729,3.9,8.6,0,0,0.0
EQ-2025-1599,2023-08-25 08:35:00,Turkey East Anatolian,39.0855,33.4478,3.1,18.5,0,0,0.0
EQ-2018-1600,2018-09-29 02:22:00,Himalayan Fault Belt,28.6243,80.6043,4.7,60.6,0,0,0.0
EQ-2019-1601,2021-01-23 10:16:00,Gujarat Kutch Zone,26.2644,68.2247,4.1,40.5,0,0,0.0
EQ-2020-1602,2021-04-02 06:15:00,Andaman Nicobar Basin,11.9387,93.1034,3.2,25.8,0,0,0.0
EQ-2021-1603,2019-07-26 13:10:00,Assam North-East,23.3241,91.7297,5.7,30.3,0,63,8.54
EQ-2022-1604,2020-01-05 01:28:00,Japan Ring of Fire,35.5061,137.9568,3.4,18.2,0,0,0.0
EQ-2023-1605,2019-08-17 14:45:00,Indonesia Subduction Zone,-1.3139,112.816,2.9,88.9,0,0,0.0
EQ-2024-1606,2020-06-12 23:10:00,California Fault,35.4426,-118.1582,3.4,11.4,0,0,0.0
EQ-2025-1607,2022-06-24 07:46:00,Turkey East Anatolian,39.5811,35.6405,3.3,20.8,0,0,0.0
EQ-2018-1608,2022-10-22 09:54:00,Himalayan Fault Belt,30.9906,79.1854,3.2,32.2,0,0,0.0
EQ-2019-1609,2020-07-02 03:34:00,Gujarat Kutch Zone,23.0472,70.8607,5.1,38.8,0,0,0.0
EQ-2020-1610,2024-07-06 23:26:00,Andaman Nicobar Basin,12.361,92.1846,2.9,51.3,0,0,0.0
EQ-2021-1611,2020-04-06 22:31:00,Assam North-East,25.068,92.1263,4.7,27.6,0,0,0.0
EQ-2022-1612,2022-07-03 11:08:00,Japan Ring of Fire,36.6088,137.7289,4.6,45.9,0,0,0.0
EQ-2023-1613,2024-05-19 00:00:00,Indonesia Subduction Zone,0.2346,115.2815,3.1,28.8,0,0,0.0
EQ-2024-1614,2020-04-22 22:01:00,California Fault,36.7874,-117.97,3.4,28.4,0,0,0.0
EQ-2025-1615,2021-11-13 03:43:00,Turkey East Anatolian,37.3864,35.2539,4.3,115.6,0,0,0.0
EQ-2018-1616,2023-02-17 17:53:00,Himalayan Fault Belt,30.8177,78.0817,4.3,22.5,0,0,0.0
EQ-2019-1617,2019-07-16 13:23:00,Gujarat Kutch Zone,22.5506,68.7046,2.9,13.2,0,0,0.0
EQ-2020-1618,2023-03-23 12:32:00,Andaman Nicobar Basin,12.6109,91.4543,4.0,31.2,0,0,0.0
EQ-2021-1619,2023-06-14 12:44:00,Assam North-East,25.9171,93.2266,3.0,9.6,0,0,0.0
EQ-2022-1620,2018-12-06 09:56:00,Japan Ring of Fire,35.3947,138.0449,3.4,11.5,0,0,0.0
EQ-2023-1621,2020-04-27 07:21:00,Indonesia Subduction Zone,0.7097,113.4812,5.5,39.3,0,2,12.5
EQ-2024-1622,2024-10-31 13:38:00,California Fault,37.7538,-117.9363,3.2,48.8,0,0,0.0
EQ-2025-1623,2022-06-21 08:49:00,Turkey East Anatolian,37.3091,34.5096,2.8,18.6,0,0,0.0
EQ-2018-1624,2023-12-13 18:25:00,Himalayan Fault Belt,31.1255,77.8915,4.3,48.0,0,0,0.0
EQ-2019-1625,2024-06-23 13:21:00,Gujarat Kutch Zone,23.6531,69.7322,4.3,48.1,0,0,0.0
EQ-2020-1626,2018-08-17 02:50:00,Andaman Nicobar Basin,10.7155,92.5722,4.7,22.2,0,0,0.0
EQ-2021-1627,2024-04-14 02:25:00,Assam North-East,25.6241,95.4505,5.2,26.1,0,0,0.0
EQ-2022-1628,2024-08-07 15:16:00,Japan Ring of Fire,38.0051,138.4979,8.6,9.9,1,158,38.29
EQ-2023-1629,2020-08-08 10:10:00,Indonesia Subduction Zone,-0.4063,113.7567,3.0,12.0,0,0,0.0
EQ-2024-1630,2022-03-03 07:04:00,California Fault,36.8917,-120.4785,7.4,7.8,1,104,22.16
EQ-2025-1631,2021-07-25 09:28:00,Turkey East Anatolian,40.5223,33.8291,8.9,58.7,0,16,52.43
EQ-2018-1632,2018-06-28 14:56:00,Himalayan Fault Belt,29.061,79.582,3.7,22.0,0,0,0.0
EQ-2019-1633,2024-01-28 21:36:00,Gujarat Kutch Zone,24.2034,69.5051,3.0,74.4,0,0,0.0
EQ-2020-1634,2024-11-04 20:29:00,Andaman Nicobar Basin,11.7824,91.9329,3.2,16.4,0,0,0.0
EQ-2021-1635,2023-02-05 19:33:00,Assam North-East,24.0393,93.1914,4.2,21.3,0,0,0.0
EQ-2022-1636,2021-05-06 03:30:00,Japan Ring of Fire,35.1224,139.1485,3.0,64.6,0,0,0.0
EQ-2023-1637,2019-07-21 11:43:00,Indonesia Subduction Zone,-2.2974,111.7483,2.8,27.5,0,0,0.0
EQ-2024-1638,2020-04-27 09:58:00,California Fault,37.1945,-118.98,3.6,19.4,0,0,0.0
EQ-2025-1639,2022-06-21 02:48:00,Turkey East Anatolian,38.4816,37.8005,3.6,44.1,0,0,0.0
EQ-2018-1640,2023-04-11 10:16:00,Himalayan Fault Belt,32.0606,80.9956,4.9,34.3,0,0,0.0
EQ-2019-1641,2022-10-30 15:16:00,Gujarat Kutch Zone,22.0007,68.6704,4.0,15.5,0,0,0.0
EQ-2020-1642,2022-09-02 00:55:00,Andaman Nicobar Basin,11.2229,91.5383,3.1,24.5,0,0,0.0
EQ-2021-1643,2022-01-05 02:09:00,Assam North-East,26.4061,96.0055,4.5,16.4,0,0,0.0
EQ-2022-1644,2024-10-27 07:26:00,Japan Ring of Fire,36.9389,138.5996,3.4,6.5,0,0,0.0
EQ-2023-1645,2018-12-10 06:05:00,Indonesia Subduction Zone,0.5554,114.1862,4.4,18.7,0,0,0.0
EQ-2024-1646,2020-06-07 22:21:00,California Fault,36.4153,-120.0434,5.7,25.2,0,109,2.2
EQ-2025-1647,2020-07-13 02:31:00,Turkey East Anatolian,39.208,33.8525,3.8,15.5,0,0,0.0
EQ-2018-1648,2018-06-06 12:14:00,Himalayan Fault Belt,31.4603,77.8869,3.9,56.9,0,0,0.0
EQ-2019-1649,2018-06-04 16:27:00,Gujarat Kutch Zone,23.5009,69.7895,3.8,19.8,0,0,0.0
EQ-2020-1650,2018-06-03 01:31:00,Andaman Nicobar Basin,11.8324,93.5927,5.8,17.1,0,67,9.81
EQ-2021-1651,2019-10-28 22:58:00,Assam North-East,23.327,93.5797,3.5,58.6,0,0,0.0
EQ-2022-1652,2023-01-28 19:12:00,Japan Ring of Fire,35.0766,136.2035,3.7,56.3,0,0,0.0
EQ-2023-1653,2023-04-20 02:27:00,Indonesia Subduction Zone,-0.9293,113.2172,4.1,76.1,0,0,0.0
EQ-2024-1654,2018-07-18 19:44:00,California Fault,36.3136,-118.6969,3.7,18.3,0,0,0.0
EQ-2025-1655,2021-03-09 12:09:00,Turkey East Anatolian,38.8602,36.9978,3.1,28.3,0,0,0.0
EQ-2018-1656,2024-05-18 11:00:00,Himalayan Fault Belt,31.158,81.2266,3.1,34.6,0,0,0.0
EQ-2019-1657,2020-06-17 20:06:00,Gujarat Kutch Zone,24.4032,68.575,5.0,13.4,0,0,0.0
EQ-2020-1658,2022-03-13 03:57:00,Andaman Nicobar Basin,11.9067,93.765,7.2,47.8,1,8,25.23
EQ-2021-1659,2022-12-03 01:23:00,Assam North-East,25.0807,92.0729,4.8,9.8,0,0,0.0
EQ-2022-1660,2019-01-13 09:40:00,Japan Ring of Fire,38.0067,138.8452,3.0,39.2,0,0,0.0
EQ-2023-1661,2021-03-18 14:48:00,Indonesia Subduction Zone,-0.4026,116.1057,4.0,20.4,0,0,0.0
EQ-2024-1662,2020-11-03 12:57:00,California Fault,35.9663,-118.0598,4.1,33.8,0,0,0.0
EQ-2025-1663,2020-05-20 08:35:00,Turkey East Anatolian,39.0592,35.9226,3.2,23.5,0,0,0.0
EQ-2018-1664,2024-02-23 00:18:00,Himalayan Fault Belt,29.6542,79.6566,4.3,16.8,0,0,0.0
EQ-2019-1665,2020-10-22 08:39:00,Gujarat Kutch Zone,23.5924,70.1489,3.9,42.7,0,0,0.0
EQ-2020-1666,2021-02-09 17:11:00,Andaman Nicobar Basin,10.4404,91.8737,4.4,22.8,0,0,0.0
EQ-2021-1667,2024-04-02 22:09:00,Assam North-East,24.834,94.597,3.6,39.3,0,0,0.0
EQ-2022-1668,2022-04-29 01:25:00,Japan Ring of Fire,36.9331,136.3821,4.3,17.5,0,0,0.0
EQ-2023-1669,2024-05-02 19:03:00,Indonesia Subduction Zone,-0.0638,113.6212,2.8,77.2,0,0,0.0
EQ-2024-1670,2023-07-01 13:20:00,California Fault,37.1328,-119.3784,3.9,40.3,0,0,0.0
EQ-2025-1671,2018-04-20 16:56:00,Turkey East Anatolian,38.0875,34.8479,2.9,21.7,0,0,0.0
EQ-2018-1672,2023-04-02 05:42:00,Himalayan Fault Belt,31.26,77.818,2.8,34.0,0,0,0.0
EQ-2019-1673,2020-05-31 17:00:00,Gujarat Kutch Zone,24.9131,69.7449,3.2,21.3,0,0,0.0
EQ-2020-1674,2018-11-05 15:05:00,Andaman Nicobar Basin,11.5943,90.4778,3.3,48.5,0,0,0.0
EQ-2021-1675,2024-03-07 12:20:00,Assam North-East,25.7232,94.2727,3.7,32.9,0,0,0.0
EQ-2022-1676,2023-12-28 13:11:00,Japan Ring of Fire,34.0087,137.0986,3.2,19.5,0,0,0.0
EQ-2023-1677,2021-09-24 21:22:00,Indonesia Subduction Zone,-1.9202,113.6616,3.0,12.9,0,0,0.0
EQ-2024-1678,2021-02-05 11:07:00,California Fault,36.9093,-119.1689,3.7,59.4,0,0,0.0
EQ-2025-1679,2018-09-11 20:11:00,Turkey East Anatolian,40.3574,35.1235,4.2,22.8,0,0,0.0
EQ-2018-1680,2021-04-07 06:05:00,Himalayan Fault Belt,31.6328,78.4452,3.7,38.8,0,0,0.0
EQ-2019-1681,2023-02-20 11:49:00,Gujarat Kutch Zone,22.31,69.2405,5.7,47.9,0,42,1.34
EQ-2020-1682,2024-04-03 16:48:00,Andaman Nicobar Basin,13.0528,92.1649,3.3,32.3,0,0,0.0
EQ-2021-1683,2024-06-05 05:56:00,Assam North-East,25.152,92.566,4.6,78.6,0,0,0.0
EQ-2022-1684,2018-04-09 03:16:00,Japan Ring of Fire,33.906,135.1324,4.0,32.8,0,0,0.0
EQ-2023-1685,2018-03-12 18:48:00,Indonesia Subduction Zone,-1.5335,110.4298,4.8,27.0,0,0,0.0
EQ-2024-1686,2018-07-01 05:06:00,California Fault,35.6286,-118.6854,4.4,20.2,0,0,0.0
EQ-2025-1687,2022-03-14 18:06:00,Turkey East Anatolian,37.793,32.9488,3.1,69.8,0,0,0.0
EQ-2018-1688,2019-03-05 07:13:00,Himalayan Fault Belt,32.0941,77.457,3.9,51.0,0,0,0.0
EQ-2019-1689,2024-08-12 04:10:00,Gujarat Kutch Zone,22.4913,70.8999,2.9,25.6,0,0,0.0
EQ-2020-1690,2019-07-15 04:53:00,Andaman Nicobar Basin,9.432,92.8435,5.4,19.6,0,89,0.36
EQ-2021-1691,2020-12-10 11:28:00,Assam North-East,26.2634,91.0518,3.2,30.8,0,0,0.0
EQ-2022-1692,2020-08-17 07:57:00,Japan Ring of Fire,37.9287,138.9427,4.7,77.0,0,0,0.0
EQ-2023-1693,2023-01-22 11:47:00,Indonesia Subduction Zone,-0.3139,113.7862,4.2,17.9,0,0,0.0
EQ-2024-1694,2018-07-26 02:30:00,California Fault,36.6586,-119.6998,4.9,36.7,0,0,0.0
EQ-2025-1695,2024-03-03 01:01:00,Turkey East Anatolian,39.0154,35.5758,3.2,59.4,0,0,0.0
EQ-2018-1696,2024-10-11 19:00:00,Himalayan Fault Belt,30.3824,81.196,7.1,32.2,1,48,29.79
EQ-2019-1697,2024-09-05 20:16:00,Gujarat Kutch Zone,21.905,69.9266,5.5,23.9,0,75,1.55
EQ-2020-1698,2023-02-13 16:55:00,Andaman Nicobar Basin,11.5826,91.3705,3.9,22.8,0,0,0.0
EQ-2021-1699,2023-11-13 04:21:00,Assam North-East,25.4243,92.8081,3.7,52.9,0,0,0.0
EQ-2022-1700,2022-12-18 18:00:00,Japan Ring of Fire,36.2752,138.3078,3.6,54.0,0,0,0.0
EQ-2023-1701,2018-10-04 20:50:00,Indonesia Subduction Zone,-0.6386,113.089,9.3,10.2,1,22,4.22
EQ-2024-1702,2021-10-23 20:21:00,California Fault,37.2929,-122.8256,3.2,20.4,0,0,0.0
EQ-2025-1703,2021-09-07 04:34:00,Turkey East Anatolian,38.6903,35.9574,5.7,8.5,0,193,0.5
EQ-2018-1704,2019-02-27 23:16:00,Himalayan Fault Belt,30.1154,79.0297,3.2,85.9,0,0,0.0
EQ-2019-1705,2023-05-16 18:00:00,Gujarat Kutch Zone,22.9219,69.9083,2.9,27.3,0,0,0.0
EQ-2020-1706,2021-10-20 18:19:00,Andaman Nicobar Basin,10.6886,93.1634,5.1,33.6,0,0,0.0
EQ-2021-1707,2024-08-23 18:39:00,Assam North-East,22.9802,91.9195,4.5,43.3,0,0,0.0
EQ-2022-1708,2019-11-10 16:28:00,Japan Ring of Fire,36.3972,140.8355,3.5,31.4,0,0,0.0
EQ-2023-1709,2020-07-20 23:45:00,Indonesia Subduction Zone,-0.2143,113.5293,5.9,10.2,0,10,1.78
EQ-2024-1710,2024-01-15 17:07:00,California Fault,38.6666,-118.6679,3.0,58.1,0,0,0.0
EQ-2025-1711,2021-03-19 19:42:00,Turkey East Anatolian,41.6229,34.4189,5.4,52.5,0,17,5.88
EQ-2018-1712,2021-10-13 06:19:00,Himalayan Fault Belt,28.6119,77.5347,3.3,7.7,0,0,0.0
EQ-2019-1713,2023-12-10 00:16:00,Gujarat Kutch Zone,23.3785,69.9183,3.5,37.7,0,0,0.0
EQ-2020-1714,2019-12-11 00:44:00,Andaman Nicobar Basin,12.6348,91.3675,4.3,17.7,0,0,0.0
EQ-2021-1715,2021-12-10 08:34:00,Assam North-East,25.7439,92.0109,5.0,45.7,0,0,0.0
EQ-2022-1716,2018-11-21 16:31:00,Japan Ring of Fire,37.6479,136.3674,3.7,23.3,0,0,0.0
EQ-2023-1717,2018-06-01 15:54:00,Indonesia Subduction Zone,-1.5966,112.7311,3.3,46.2,0,0,0.0
EQ-2024-1718,2019-04-18 21:59:00,California Fault,34.9798,-121.9261,3.2,16.5,0,0,0.0
EQ-2025-1719,2021-12-14 21:04:00,Turkey East Anatolian,40.6319,35.2681,2.8,23.5,0,0,0.0
EQ-2018-1720,2021-10-22 18:50:00,Himalayan Fault Belt,30.6854,78.5961,2.8,9.3,0,0,0.0
EQ-2019-1721,2023-11-02 17:16:00,Gujarat Kutch Zone,22.4006,69.2854,3.5,51.8,0,0,0.0
EQ-2020-1722,2018-09-16 08:36:00,Andaman Nicobar Basin,12.5176,91.3156,3.9,39.1,0,0,0.0
EQ-2021-1723,2021-02-13 02:41:00,Assam North-East,27.3683,95.1495,3.0,33.0,0,0,0.0
EQ-2022-1724,2024-10-24 12:17:00,Japan Ring of Fire,35.673,138.1383,3.5,38.7,0,0,0.0
EQ-2023-1725,2024-09-08 05:25:00,Indonesia Subduction Zone,-1.0107,113.6011,3.0,9.6,0,0,0.0
EQ-2024-1726,2022-11-23 06:08:00,California Fault,35.9764,-119.0185,4.6,43.3,0,0,0.0
EQ-2025-1727,2023-12-21 16:38:00,Turkey East Anatolian,39.8163,35.3319,4.0,61.0,0,0,0.0
EQ-2018-1728,2018-03-28 03:44:00,Himalayan Fault Belt,30.497,80.3394,3.2,22.0,0,0,0.0
EQ-2019-1729,2023-04-17 11:20:00,Gujarat Kutch Zone,21.5503,70.2298,3.6,16.4,0,0,0.0
EQ-2020-1730,2020-07-11 02:07:00,Andaman Nicobar Basin,12.2004,92.4163,3.5,38.1,0,0,0.0
EQ-2021-1731,2020-09-14 12:17:00,Assam North-East,24.8012,94.1028,3.0,27.6,0,0,0.0
EQ-2022-1732,2020-10-14 02:58:00,Japan Ring of Fire,36.1435,138.7761,3.6,46.6,0,0,0.0
EQ-2023-1733,2023-11-15 20:26:00,Indonesia Subduction Zone,-0.6366,112.2517,4.7,6.3,0,0,0.0
EQ-2024-1734,2018-10-08 17:46:00,California Fault,37.616,-118.7864,7.2,40.7,1,72,0.45
EQ-2025-1735,2019-08-04 12:56:00,Turkey East Anatolian,40.2863,36.2981,4.3,22.2,0,0,0.0
EQ-2018-1736,2018-02-18 13:57:00,Himalayan Fault Belt,29.2299,76.0023,6.0,11.6,0,185,24.51
EQ-2019-1737,2024-04-21 03:55:00,Gujarat Kutch Zone,24.7491,71.2467,4.5,41.7,0,0,0.0
EQ-2020-1738,2018-07-27 22:14:00,Andaman Nicobar Basin,11.5002,92.1362,4.1,39.3,0,0,0.0
EQ-2021-1739,2018-12-24 19:57:00,Assam North-East,24.6399,94.3203,4.4,29.7,0,0,0.0
EQ-2022-1740,2020-10-10 14:12:00,Japan Ring of Fire,35.9838,138.8389,3.5,13.3,0,0,0.0
EQ-2023-1741,2022-08-17 23:37:00,Indonesia Subduction Zone,0.7024,113.645,3.3,60.5,0,0,0.0
EQ-2024-1742,2019-02-16 07:11:00,California Fault,35.1715,-118.998,3.1,59.5,0,0,0.0
EQ-2025-1743,2019-08-26 03:35:00,Turkey East Anatolian,39.3559,36.5212,3.3,36.0,0,0,0.0
EQ-2018-1744,2020-12-01 11:15:00,Himalayan Fault Belt,30.4252,79.5891,3.2,41.1,0,0,0.0
EQ-2019-1745,2021-02-26 14:01:00,Gujarat Kutch Zone,24.4494,71.1811,3.2,14.2,0,0,0.0
EQ-2020-1746,2020-04-05 08:25:00,Andaman Nicobar Basin,9.1272,92.9107,3.3,9.8,0,0,0.0
EQ-2021-1747,2019-06-20 23:11:00,Assam North-East,26.6304,94.2809,4.1,42.3,0,0,0.0
EQ-2022-1748,2021-05-24 16:21:00,Japan Ring of Fire,35.629,138.1168,6.5,44.3,0,91,0.39
EQ-2023-1749,2022-02-16 00:15:00,Indonesia Subduction Zone,-1.5402,113.4904,5.8,29.8,0,96,1.62
EQ-2024-1750,2023-02-04 06:36:00,California Fault,36.9063,-118.2977,3.3,29.5,0,0,0.0
EQ-2025-1751,2018-09-16 00:06:00,Turkey East Anatolian,40.5312,33.8495,3.8,11.9,0,0,0.0
EQ-2018-1752,2018-10-03 08:17:00,Himalayan Fault Belt,30.2403,79.3242,6.3,40.7,0,99,1.52
EQ-2019-1753,2023-09-15 07:18:00,Gujarat Kutch Zone,21.9811,66.7957,2.9,83.7,0,0,0.0
EQ-2020-1754,2022-08-27 01:07:00,Andaman Nicobar Basin,11.4865,91.6046,4.7,13.8,0,0,0.0
EQ-2021-1755,2024-08-28 00:38:00,Assam North-East,26.15,94.616,3.7,12.7,0,0,0.0
EQ-2022-1756,2018-06-25 03:57:00,Japan Ring of Fire,36.7075,134.8709,3.0,8.6,0,0,0.0
EQ-2023-1757,2023-06-27 12:34:00,Indonesia Subduction Zone,-1.835,116.2335,3.1,23.9,0,0,0.0
EQ-2024-1758,2020-11-01 23:32:00,California Fault,37.3058,-119.8689,4.8,19.9,0,0,0.0
EQ-2025-1759,2023-08-19 11:36:00,Turkey East Anatolian,35.4766,35.4443,3.1,43.1,0,0,0.0
EQ-2018-1760,2019-12-21 01:14:00,Himalayan Fault Belt,28.8979,77.6918,4.7,13.5,0,0,0.0
EQ-2019-1761,2021-12-23 14:33:00,Gujarat Kutch Zone,24.7618,68.7158,3.9,80.3,0,0,0.0
EQ-2020-1762,2019-06-04 13:31:00,Andaman Nicobar Basin,11.4069,93.2212,4.9,50.4,0,0,0.0
EQ-2021-1763,2024-03-31 17:35:00,Assam North-East,24.025,93.7455,8.2,64.2,0,239,12.39
EQ-2022-1764,2019-05-30 07:09:00,Japan Ring of Fire,36.9854,137.4004,3.1,22.9,0,0,0.0
EQ-2023-1765,2019-04-16 23:36:00,Indonesia Subduction Zone,-1.0688,116.1332,5.6,32.6,0,1,0.77
EQ-2024-1766,2021-02-03 13:31:00,California Fault,38.2153,-118.3479,4.7,17.5,0,0,0.0
EQ-2025-1767,2024-05-22 18:14:00,Turkey East Anatolian,37.7286,35.2005,3.3,30.8,0,0,0.0
EQ-2018-1768,2021-05-06 13:30:00,Himalayan Fault Belt,30.7697,77.7792,3.2,31.9,0,0,0.0
EQ-2019-1769,2023-03-10 22:57:00,Gujarat Kutch Zone,23.0944,71.0538,4.8,25.5,0,0,0.0
EQ-2020-1770,2020-06-10 09:01:00,Andaman Nicobar Basin,10.3894,92.3956,2.9,18.3,0,0,0.0
EQ-2021-1771,2018-10-08 21:38:00,Assam North-East,24.6962,91.4959,6.7,30.4,0,53,12.65
EQ-2022-1772,2018-06-18 03:48:00,Japan Ring of Fire,36.267,137.8284,3.5,25.6,0,0,0.0
EQ-2023-1773,2019-06-08 18:15:00,Indonesia Subduction Zone,-0.7695,112.8352,4.8,48.1,0,0,0.0
EQ-2024-1774,2022-07-01 13:10:00,California Fault,37.4679,-120.9791,4.9,10.4,0,0,0.0
EQ-2025-1775,2022-09-08 12:32:00,Turkey East Anatolian,38.3528,35.1381,2.9,25.4,0,0,0.0
EQ-2018-1776,2020-12-31 16:27:00,Himalayan Fault Belt,31.4768,79.1543,4.7,81.4,0,0,0.0
EQ-2019-1777,2024-01-07 21:09:00,Gujarat Kutch Zone,23.0311,69.8067,3.1,11.7,0,0,0.0
EQ-2020-1778,2020-08-03 10:00:00,Andaman Nicobar Basin,11.7547,93.4481,4.0,14.4,0,0,0.0
EQ-2021-1779,2018-03-20 17:55:00,Assam North-East,25.6495,91.9075,4.6,97.0,0,0,0.0
EQ-2022-1780,2019-12-05 08:16:00,Japan Ring of Fire,37.0621,138.0107,4.3,42.5,0,0,0.0
EQ-2023-1781,2020-04-14 10:50:00,Indonesia Subduction Zone,-3.9267,113.2364,3.2,79.2,0,0,0.0
EQ-2024-1782,2021-11-30 05:55:00,California Fault,36.4856,-121.6155,7.1,30.4,1,667,17.08
EQ-2025-1783,2023-07-18 04:58:00,Turkey East Anatolian,37.8643,35.4774,2.9,55.3,0,0,0.0
EQ-2018-1784,2022-04-14 20:18:00,Himalayan Fault Belt,29.54,78.6757,4.3,16.1,0,0,0.0
EQ-2019-1785,2021-03-18 12:40:00,Gujarat Kutch Zone,25.0301,70.949,2.8,36.5,0,0,0.0
EQ-2020-1786,2020-11-06 10:38:00,Andaman Nicobar Basin,10.6372,92.7766,2.8,13.8,0,0,0.0
EQ-2021-1787,2024-03-12 19:41:00,Assam North-East,24.2048,94.5456,3.1,20.8,0,0,0.0
EQ-2022-1788,2024-10-06 19:57:00,Japan Ring of Fire,36.9318,138.5286,3.4,12.4,0,0,0.0
EQ-2023-1789,2020-07-29 05:40:00,Indonesia Subduction Zone,-0.7348,113.5718,6.0,55.0,0,46,4.27
EQ-2024-1790,2019-03-30 22:26:00,California Fault,37.3216,-119.1473,3.6,21.7,0,0,0.0
EQ-2025-1791,2024-07-07 04:20:00,Turkey East Anatolian,37.7447,35.5681,5.3,14.3,0,46,1.29
EQ-2018-1792,2024-02-26 03:35:00,Himalayan Fault Belt,30.9293,79.7395,3.1,33.5,0,0,0.0
EQ-2019-1793,2020-07-30 04:15:00,Gujarat Kutch Zone,25.8986,72.4333,2.9,58.0,0,0,0.0
EQ-2020-1794,2022-03-02 07:50:00,Andaman Nicobar Basin,11.3925,92.4169,5.3,22.9,0,5,4.06
EQ-2021-1795,2020-09-04 22:08:00,Assam North-East,26.9211,92.292,3.1,12.6,0,0,0.0
EQ-2022-1796,2020-10-20 07:53:00,Japan Ring of Fire,37.0026,136.6309,2.9,8.7,0,0,0.0
EQ-2023-1797,2023-10-06 16:42:00,Indonesia Subduction Zone,0.4553,114.856,2.9,66.7,0,0,0.0
EQ-2024-1798,2022-01-03 09:48:00,California Fault,36.7319,-119.3396,3.4,44.4,0,0,0.0
EQ-2025-1799,2022-04-04 12:10:00,Turkey East Anatolian,38.3183,36.2902,2.9,65.2,0,0,0.0
EQ-2018-1800,2020-05-08 23:43:00,Himalayan Fault Belt,30.746,79.9607,3.7,38.2,0,0,0.0
EQ-2019-1801,2021-07-19 16:57:00,Gujarat Kutch Zone,23.5552,69.8199,3.2,12.6,0,0,0.0
EQ-2020-1802,2021-08-04 13:28:00,Andaman Nicobar Basin,11.1449,92.4216,3.2,13.2,0,0,0.0
EQ-2021-1803,2019-03-13 13:48:00,Assam North-East,26.9464,90.8499,4.4,29.6,0,0,0.0
EQ-2022-1804,2018-08-25 17:29:00,Japan Ring of Fire,36.1214,136.276,3.2,32.3,0,0,0.0
EQ-2023-1805,2020-09-17 10:17:00,Indonesia Subduction Zone,-0.7107,114.5652,3.0,53.7,0,0,0.0
EQ-2024-1806,2018-12-04 17:40:00,California Fault,36.8726,-121.4885,3.1,74.5,0,0,0.0
EQ-2025-1807,2023-03-13 01:25:00,Turkey East Anatolian,39.6698,36.2079,8.2,64.0,0,9,2.03
EQ-2018-1808,2022-06-25 11:16:00,Himalayan Fault Belt,31.2054,79.7437,3.7,17.4,0,0,0.0
EQ-2019-1809,2018-09-28 04:03:00,Gujarat Kutch Zone,22.9424,70.2973,2.9,75.6,0,0,0.0
EQ-2020-1810,2018-05-03 23:56:00,Andaman Nicobar Basin,12.5227,92.53,4.0,27.1,0,0,0.0
EQ-2021-1811,2022-10-04 15:04:00,Assam North-East,27.1842,93.3857,2.9,21.8,0,0,0.0
EQ-2022-1812,2021-01-14 19:32:00,Japan Ring of Fire,36.3323,138.9401,3.7,50.9,0,0,0.0
EQ-2023-1813,2021-07-07 14:05:00,Indonesia Subduction Zone,0.3586,113.329,3.1,17.2,0,0,0.0
EQ-2024-1814,2019-05-27 14:08:00,California Fault,35.0058,-119.6865,3.8,12.0,0,0,0.0
EQ-2025-1815,2019-09-04 17:15:00,Turkey East Anatolian,40.2149,35.0535,3.7,63.1,0,0,0.0
EQ-2018-1816,2024-10-11 19:41:00,Himalayan Fault Belt,29.7704,77.7826,3.9,24.4,0,0,0.0
EQ-2019-1817,2018-08-17 04:39:00,Gujarat Kutch Zone,23.2142,70.701,3.2,43.9,0,0,0.0
EQ-2020-1818,2019-09-10 01:57:00,Andaman Nicobar Basin,11.7642,93.8659,3.2,7.9,0,0,0.0
EQ-2021-1819,2021-08-21 22:57:00,Assam North-East,25.2893,92.695,3.3,15.6,0,0,0.0
EQ-2022-1820,2023-05-13 20:13:00,Japan Ring of Fire,35.7297,136.9787,3.4,38.1,0,0,0.0
EQ-2023-1821,2022-02-22 23:07:00,Indonesia Subduction Zone,-1.3139,113.3093,3.0,27.5,0,0,0.0
EQ-2024-1822,2023-04-24 21:03:00,California Fault,38.2985,-121.6332,5.7,12.6,0,28,2.85
EQ-2025-1823,2019-02-07 00:57:00,Turkey East Anatolian,39.2537,36.9254,3.1,14.6,0,0,0.0
EQ-2018-1824,2018-12-01 22:39:00,Himalayan Fault Belt,27.3036,79.0109,3.0,32.4,0,0,0.0
EQ-2019-1825,2018-10-11 03:32:00,Gujarat Kutch Zone,22.4574,69.0932,3.4,24.0,0,0,0.0
EQ-2020-1826,2023-05-14 20:44:00,Andaman Nicobar Basin,11.6131,93.9314,3.7,26.9,0,0,0.0
EQ-2021-1827,2022-10-04 12:17:00,Assam North-East,23.8627,93.205,4.1,39.5,0,0,0.0
EQ-2022-1828,2024-04-23 03:54:00,Japan Ring of Fire,37.8782,140.1162,5.1,67.6,0,0,0.0
EQ-2023-1829,2024-06-03 02:16:00,Indonesia Subduction Zone,-0.5545,112.6926,3.0,7.4,0,0,0.0
EQ-2024-1830,2020-02-03 11:41:00,California Fault,36.3175,-120.6358,6.4,48.9,0,7,9.8
EQ-2025-1831,2019-07-15 22:05:00,Turkey East Anatolian,38.5294,36.2406,3.5,18.9,0,0,0.0
EQ-2018-1832,2024-05-09 19:44:00,Himalayan Fault Belt,29.2899,76.4969,3.4,39.5,0,0,0.0
EQ-2019-1833,2024-10-27 18:56:00,Gujarat Kutch Zone,20.8062,72.4516,3.2,36.1,0,0,0.0
EQ-2020-1834,2018-03-06 21:39:00,Andaman Nicobar Basin,12.3778,94.663,4.1,31.7,0,0,0.0
EQ-2021-1835,2024-02-21 15:06:00,Assam North-East,25.0978,92.1975,3.1,25.9,0,0,0.0
EQ-2022-1836,2024-03-15 16:38:00,Japan Ring of Fire,35.4112,138.1412,2.8,36.6,0,0,0.0
EQ-2023-1837,2020-02-19 16:55:00,Indonesia Subduction Zone,1.3589,113.6251,4.5,15.2,0,0,0.0
EQ-2024-1838,2022-02-09 14:02:00,California Fault,37.0705,-120.2503,4.0,40.8,0,0,0.0
EQ-2025-1839,2020-10-15 09:26:00,Turkey East Anatolian,39.5535,33.7156,9.3,52.2,0,385,14.88
EQ-2018-1840,2019-10-19 02:09:00,Himalayan Fault Belt,31.2058,78.9186,5.8,15.0,0,43,3.37
EQ-2019-1841,2022-09-02 19:23:00,Gujarat Kutch Zone,22.7099,67.8086,3.0,56.3,0,0,0.0
EQ-2020-1842,2020-11-20 03:59:00,Andaman Nicobar Basin,10.2427,93.2475,3.9,36.1,0,0,0.0
EQ-2021-1843,2019-02-26 01:01:00,Assam North-East,27.9051,93.64,4.0,16.1,0,0,0.0
EQ-2022-1844,2023-07-23 05:36:00,Japan Ring of Fire,35.1514,139.3552,3.8,26.8,0,0,0.0
EQ-2023-1845,2020-05-30 10:34:00,Indonesia Subduction Zone,-1.7554,111.4106,3.5,29.6,0,0,0.0
EQ-2024-1846,2022-04-23 20:04:00,California Fault,37.1514,-117.7899,6.7,36.2,0,36,12.13
EQ-2025-1847,2023-05-13 11:27:00,Turkey East Anatolian,41.5231,34.2623,3.1,20.0,0,0,0.0
EQ-2018-1848,2018-08-14 03:49:00,Himalayan Fault Belt,31.3924,78.7541,4.5,36.4,0,0,0.0
EQ-2019-1849,2023-11-14 14:53:00,Gujarat Kutch Zone,23.5039,68.9329,4.4,34.0,0,0,0.0
EQ-2020-1850,2023-08-05 02:12:00,Andaman Nicobar Basin,13.606,93.4815,6.2,30.8,0,39,21.2
EQ-2021-1851,2021-09-19 00:38:00,Assam North-East,26.7446,93.4595,4.3,45.9,0,0,0.0
EQ-2022-1852,2024-06-23 00:22:00,Japan Ring of Fire,34.8717,140.5554,3.2,20.8,0,0,0.0
EQ-2023-1853,2020-12-03 02:07:00,Indonesia Subduction Zone,-0.6288,112.2296,2.9,79.6,0,0,0.0
EQ-2024-1854,2024-03-25 04:26:00,California Fault,37.0757,-119.2442,3.2,17.9,0,0,0.0
EQ-2025-1855,2018-12-23 14:31:00,Turkey East Anatolian,39.0817,35.298,4.3,31.5,0,0,0.0
EQ-2018-1856,2018-09-19 13:03:00,Himalayan Fault Belt,29.2116,79.0973,3.9,108.2,0,0,0.0
EQ-2019-1857,2019-11-20 06:35:00,Gujarat Kutch Zone,23.0991,70.774,3.4,29.8,0,0,0.0
EQ-2020-1858,2018-11-07 08:56:00,Andaman Nicobar Basin,11.9047,92.2685,3.1,14.5,0,0,0.0
EQ-2021-1859,2020-08-24 14:49:00,Assam North-East,22.9765,93.0958,6.8,13.5,1,197,0.34
EQ-2022-1860,2018-12-10 18:23:00,Japan Ring of Fire,34.6678,139.3382,3.8,16.4,0,0,0.0
EQ-2023-1861,2022-04-19 03:15:00,Indonesia Subduction Zone,-2.3462,115.5181,3.1,46.5,0,0,0.0
EQ-2024-1862,2019-07-27 10:14:00,California Fault,37.4585,-120.1473,3.0,55.8,0,0,0.0
EQ-2025-1863,2024-06-29 22:29:00,Turkey East Anatolian,38.511,34.9989,2.9,58.2,0,0,0.0
EQ-2018-1864,2018-04-02 02:18:00,Himalayan Fault Belt,30.4529,76.8943,2.9,32.8,0,0,0.0
EQ-2019-1865,2020-03-09 07:54:00,Gujarat Kutch Zone,27.0018,70.3276,3.9,7.5,0,0,0.0
EQ-2020-1866,2022-08-27 17:09:00,Andaman Nicobar Basin,12.4545,92.2712,3.9,10.9,0,0,0.0
EQ-2021-1867,2024-01-18 04:29:00,Assam North-East,27.4898,93.6596,3.4,83.6,0,0,0.0
EQ-2022-1868,2024-05-11 05:52:00,Japan Ring of Fire,36.731,136.917,7.2,45.3,1,306,22.93
EQ-2023-1869,2023-04-09 12:09:00,Indonesia Subduction Zone,-1.0127,110.439,3.3,31.7,0,0,0.0
EQ-2024-1870,2020-09-21 11:42:00,California Fault,35.8131,-120.9431,3.0,52.1,0,0,0.0
EQ-2025-1871,2024-02-03 22:44:00,Turkey East Anatolian,40.8316,34.6031,5.8,21.4,0,62,2.53
EQ-2018-1872,2018-01-23 02:34:00,Himalayan Fault Belt,30.6263,80.6658,2.9,32.1,0,0,0.0
EQ-2019-1873,2020-11-11 14:32:00,Gujarat Kutch Zone,22.2058,69.0708,2.8,49.2,0,0,0.0
EQ-2020-1874,2020-01-09 18:49:00,Andaman Nicobar Basin,11.0833,91.2613,3.6,20.4,0,0,0.0
EQ-2021-1875,2022-01-18 21:55:00,Assam North-East,25.9018,92.5594,3.3,26.6,0,0,0.0
EQ-2022-1876,2024-08-30 20:53:00,Japan Ring of Fire,36.6783,137.1567,3.7,11.5,0,0,0.0
EQ-2023-1877,2021-05-11 10:27:00,Indonesia Subduction Zone,0.6631,114.516,4.2,11.7,0,0,0.0
EQ-2024-1878,2019-08-23 08:33:00,California Fault,35.696,-118.6743,5.5,11.9,0,16,2.53
EQ-2025-1879,2018-10-17 06:15:00,Turkey East Anatolian,38.6298,34.0188,3.0,13.8,0,0,0.0
EQ-2018-1880,2020-02-29 23:47:00,Himalayan Fault Belt,28.1304,78.1011,4.4,35.7,0,0,0.0
EQ-2019-1881,2023-03-02 05:10:00,Gujarat Kutch Zone,24.001,71.3105,3.1,20.8,0,0,0.0
EQ-2020-1882,2020-08-04 19:46:00,Andaman Nicobar Basin,12.1332,93.8617,3.2,64.3,0,0,0.0
EQ-2021-1883,2023-05-02 21:48:00,Assam North-East,28.6055,94.3358,2.8,14.2,0,0,0.0
EQ-2022-1884,2019-03-02 23:59:00,Japan Ring of Fire,35.269,138.2948,4.7,45.5,0,0,0.0
EQ-2023-1885,2019-11-01 06:15:00,Indonesia Subduction Zone,-2.0755,112.8538,3.9,66.5,0,0,0.0
EQ-2024-1886,2022-05-08 16:18:00,California Fault,35.8757,-117.7288,3.2,65.4,0,0,0.0
EQ-2025-1887,2024-01-07 02:25:00,Turkey East Anatolian,38.7971,35.8356,2.9,35.8,0,0,0.0
EQ-2018-1888,2020-02-23 14:56:00,Himalayan Fault Belt,30.8409,79.3091,3.4,27.6,0,0,0.0
EQ-2019-1889,2020-03-08 03:58:00,Gujarat Kutch Zone,22.478,71.6796,2.8,37.8,0,0,0.0
EQ-2020-1890,2023-06-20 23:45:00,Andaman Nicobar Basin,9.888,92.4354,6.1,15.4,0,173,3.8
EQ-2021-1891,2023-07-16 06:33:00,Assam North-East,24.9585,93.4907,4.7,20.8,0,0,0.0
EQ-2022-1892,2021-07-28 16:26:00,Japan Ring of Fire,34.2686,137.3632,3.8,21.0,0,0,0.0
EQ-2023-1893,2023-01-15 03:44:00,Indonesia Subduction Zone,-1.0859,114.2074,9.3,61.0,0,44,4.5
EQ-2024-1894,2020-11-17 07:25:00,California Fault,37.7942,-120.2027,5.6,23.9,0,3,4.58
EQ-2025-1895,2022-03-26 18:49:00,Turkey East Anatolian,39.925,34.485,2.8,38.2,0,0,0.0
EQ-2018-1896,2023-11-23 09:05:00,Himalayan Fault Belt,30.2355,77.705,3.8,10.5,0,0,0.0
EQ-2019-1897,2023-02-19 18:08:00,Gujarat Kutch Zone,24.3107,70.4895,3.8,37.5,0,0,0.0
EQ-2020-1898,2023-01-08 16:31:00,Andaman Nicobar Basin,12.0829,91.9003,3.2,23.5,0,0,0.0
EQ-2021-1899,2019-06-06 08:39:00,Assam North-East,25.1065,90.091,4.7,12.4,0,0,0.0
EQ-2022-1900,2024-07-31 17:57:00,Japan Ring of Fire,34.7093,136.8493,4.6,27.9,0,0,0.0
EQ-2023-1901,2020-03-12 00:42:00,Indonesia Subduction Zone,0.9502,114.0764,4.8,45.0,0,0,0.0
EQ-2024-1902,2023-08-11 09:43:00,California Fault,37.6035,-118.4143,3.1,30.6,0,0,0.0
EQ-2025-1903,2023-07-24 19:49:00,Turkey East Anatolian,38.1459,36.0108,5.6,30.5,0,60,0.86
EQ-2018-1904,2023-03-19 23:02:00,Himalayan Fault Belt,30.0739,77.4404,3.5,18.8,0,0,0.0
EQ-2019-1905,2023-02-10 23:57:00,Gujarat Kutch Zone,23.694,70.1234,2.8,33.0,0,0,0.0
EQ-2020-1906,2020-12-06 08:44:00,Andaman Nicobar Basin,10.165,91.973,5.3,20.5,0,20,1.52
EQ-2021-1907,2024-09-29 11:33:00,Assam North-East,26.3062,92.4381,3.5,18.9,0,0,0.0
EQ-2022-1908,2024-10-04 01:44:00,Japan Ring of Fire,34.7489,137.0436,3.6,28.9,0,0,0.0
EQ-2023-1909,2019-01-31 15:12:00,Indonesia Subduction Zone,-2.3835,115.2903,2.8,32.3,0,0,0.0
EQ-2024-1910,2023-01-24 18:47:00,California Fault,36.7407,-120.8285,3.5,26.8,0,0,0.0
EQ-2025-1911,2018-08-11 00:02:00,Turkey East Anatolian,36.1125,33.252,3.1,22.7,0,0,0.0
EQ-2018-1912,2024-05-27 17:56:00,Himalayan Fault Belt,31.3255,78.2644,5.1,21.1,0,0,0.0
EQ-2019-1913,2019-07-14 03:32:00,Gujarat Kutch Zone,22.4793,69.3508,3.4,34.4,0,0,0.0
EQ-2020-1914,2020-03-26 12:47:00,Andaman Nicobar Basin,12.6199,95.1171,3.4,44.5,0,0,0.0
EQ-2021-1915,2021-11-06 16:21:00,Assam North-East,25.9606,94.0818,3.7,19.8,0,0,0.0
EQ-2022-1916,2024-07-27 09:04:00,Japan Ring of Fire,36.1107,139.1504,3.7,9.7,0,0,0.0
EQ-2023-1917,2020-10-23 21:31:00,Indonesia Subduction Zone,-1.4186,114.3626,3.1,26.9,0,0,0.0
EQ-2024-1918,2020-08-15 16:42:00,California Fault,38.6641,-119.0395,3.4,49.6,0,0,0.0
EQ-2025-1919,2022-01-26 20:22:00,Turkey East Anatolian,36.5849,35.1193,7.0,81.1,0,13,0.8
EQ-2018-1920,2024-01-14 12:14:00,Himalayan Fault Belt,29.6467,81.2409,5.1,55.1,0,0,0.0
EQ-2019-1921,2022-12-22 09:17:00,Gujarat Kutch Zone,21.6799,68.496,3.0,32.1,0,0,0.0
EQ-2020-1922,2022-03-24 04:31:00,Andaman Nicobar Basin,14.1727,92.3193,5.3,7.8,0,24,8.02
EQ-2021-1923,2022-02-19 10:22:00,Assam North-East,24.8277,94.3433,4.2,14.7,0,0,0.0
EQ-2022-1924,2023-11-01 00:56:00,Japan Ring of Fire,33.4835,139.0688,3.4,13.4,0,0,0.0
EQ-2023-1925,2018-11-25 02:01:00,Indonesia Subduction Zone,-2.6797,112.5073,5.0,36.3,0,0,0.0
EQ-2024-1926,2023-08-19 00:12:00,California Fault,35.886,-118.9629,4.3,13.8,0,0,0.0
EQ-2025-1927,2019-10-15 10:20:00,Turkey East Anatolian,38.7364,34.2264,4.5,65.1,0,0,0.0
EQ-2018-1928,2022-11-14 22:59:00,Himalayan Fault Belt,30.7526,79.2123,4.0,24.3,0,0,0.0
EQ-2019-1929,2018-08-17 08:56:00,Gujarat Kutch Zone,25.527,72.0039,3.5,21.4,0,0,0.0
EQ-2020-1930,2022-09-22 18:32:00,Andaman Nicobar Basin,12.5754,92.1097,4.0,65.5,0,0,0.0
EQ-2021-1931,2019-09-09 02:26:00,Assam North-East,26.7364,93.8165,4.7,27.1,0,0,0.0
EQ-2022-1932,2021-11-24 20:30:00,Japan Ring of Fire,34.8863,135.9927,3.0,38.5,0,0,0.0
EQ-2023-1933,2021-04-21 23:42:00,Indonesia Subduction Zone,-1.0826,116.3217,4.6,34.7,0,0,0.0
EQ-2024-1934,2020-06-28 06:12:00,California Fault,36.6967,-120.0397,3.0,21.8,0,0,0.0
EQ-2025-1935,2024-07-21 18:46:00,Turkey East Anatolian,37.6527,33.3822,3.8,30.3,0,0,0.0
EQ-2018-1936,2018-01-11 03:06:00,Himalayan Fault Belt,31.901,78.1312,3.5,100.8,0,0,0.0
EQ-2019-1937,2021-10-06 20:52:00,Gujarat Kutch Zone,23.2196,69.9912,4.5,34.1,0,0,0.0
EQ-2020-1938,2018-04-15 21:29:00,Andaman Nicobar Basin,12.1913,92.368,2.8,11.2,0,0,0.0
EQ-2021-1939,2022-11-13 04:58:00,Assam North-East,26.3243,93.5931,4.3,30.6,0,0,0.0
EQ-2022-1940,2018-11-13 19:51:00,Japan Ring of Fire,36.2921,136.5387,5.7,45.1,0,49,11.1
EQ-2023-1941,2020-10-06 14:34:00,Indonesia Subduction Zone,1.3398,113.2868,2.9,6.0,0,0,0.0
EQ-2024-1942,2024-06-18 06:04:00,California Fault,37.083,-119.1652,3.8,74.9,0,0,0.0
EQ-2025-1943,2023-01-30 05:50:00,Turkey East Anatolian,39.1954,36.7861,3.0,58.3,0,0,0.0
EQ-2018-1944,2018-12-19 13:19:00,Himalayan Fault Belt,30.7456,78.8668,4.3,17.7,0,0,0.0
EQ-2019-1945,2018-07-11 09:50:00,Gujarat Kutch Zone,24.3484,69.5923,6.7,34.8,0,177,6.43
EQ-2020-1946,2021-01-01 22:12:00,Andaman Nicobar Basin,9.3843,92.2234,3.8,20.0,0,0,0.0
EQ-2021-1947,2018-01-13 04:58:00,Assam North-East,27.3818,92.8429,3.2,58.8,0,0,0.0
EQ-2022-1948,2024-08-20 01:21:00,Japan Ring of Fire,35.8705,139.2478,4.5,29.0,0,0,0.0
EQ-2023-1949,2022-05-16 02:02:00,Indonesia Subduction Zone,-1.8869,113.9088,3.1,10.9,0,0,0.0
EQ-2024-1950,2020-03-04 11:51:00,California Fault,35.8272,-118.5294,5.9,9.2,0,59,3.9
EQ-2025-1951,2020-03-19 11:16:00,Turkey East Anatolian,40.6007,33.4172,4.8,30.4,0,0,0.0
EQ-2018-1952,2020-03-08 21:24:00,Himalayan Fault Belt,30.3213,79.6104,3.0,15.1,0,0,0.0
EQ-2019-1953,2022-02-14 17:26:00,Gujarat Kutch Zone,23.5574,69.323,3.4,10.8,0,0,0.0
EQ-2020-1954,2024-04-10 05:26:00,Andaman Nicobar Basin,11.782,90.6042,3.0,60.5,0,0,0.0
EQ-2021-1955,2021-05-29 01:12:00,Assam North-East,27.9032,92.3478,3.2,23.4,0,0,0.0
EQ-2022-1956,2021-09-14 20:10:00,Japan Ring of Fire,38.8699,139.9827,3.3,18.0,0,0,0.0
EQ-2023-1957,2022-10-01 22:59:00,Indonesia Subduction Zone,-0.6482,113.4882,3.9,17.8,0,0,0.0
EQ-2024-1958,2018-07-26 21:45:00,California Fault,38.9785,-121.564,2.9,35.5,0,0,0.0
EQ-2025-1959,2022-05-11 10:22:00,Turkey East Anatolian,38.3928,33.8684,3.5,12.1,0,0,0.0
EQ-2018-1960,2022-10-16 09:27:00,Himalayan Fault Belt,32.4511,78.208,4.8,57.4,0,0,0.0
EQ-2019-1961,2024-05-24 03:45:00,Gujarat Kutch Zone,23.1565,70.2001,2.9,8.3,0,0,0.0
EQ-2020-1962,2021-12-11 05:56:00,Andaman Nicobar Basin,11.9513,92.0269,3.5,22.9,0,0,0.0
EQ-2021-1963,2018-02-25 09:36:00,Assam North-East,25.6743,93.0245,3.7,11.0,0,0,0.0
EQ-2022-1964,2023-09-28 05:15:00,Japan Ring of Fire,36.5468,138.0806,3.8,33.7,0,0,0.0
EQ-2023-1965,2021-10-21 06:59:00,Indonesia Subduction Zone,-1.451,114.2237,4.7,28.3,0,0,0.0
EQ-2024-1966,2020-09-03 20:01:00,California Fault,38.4843,-120.7276,2.9,50.9,0,0,0.0
EQ-2025-1967,2018-08-18 13:11:00,Turkey East Anatolian,37.8126,34.7673,4.6,13.6,0,0,0.0
EQ-2018-1968,2018-08-02 01:13:00,Himalayan Fault Belt,29.6242,81.3693,6.4,34.2,0,97,2.05
EQ-2019-1969,2021-04-19 09:17:00,Gujarat Kutch Zone,21.5519,70.1998,3.8,16.5,0,0,0.0
EQ-2020-1970,2022-02-18 23:49:00,Andaman Nicobar Basin,13.2475,92.7426,3.3,14.9,0,0,0.0
EQ-2021-1971,2019-10-06 22:39:00,Assam North-East,25.2501,94.3157,3.8,46.0,0,0,0.0
EQ-2022-1972,2024-11-01 14:27:00,Japan Ring of Fire,34.692,138.4022,4.5,36.2,0,0,0.0
EQ-2023-1973,2022-07-31 07:40:00,Indonesia Subduction Zone,-1.0659,112.4158,4.4,22.3,0,0,0.0
EQ-2024-1974,2023-01-23 05:36:00,California Fault,35.5329,-119.3566,4.2,8.3,0,0,0.0
EQ-2025-1975,2020-06-23 16:18:00,Turkey East Anatolian,39.2153,35.0639,3.4,17.2,0,0,0.0
EQ-2018-1976,2022-01-25 18:23:00,Himalayan Fault Belt,29.0002,78.6817,8.0,85.0,0,4,6.65
EQ-2019-1977,2023-05-27 10:18:00,Gujarat Kutch Zone,24.2181,69.5183,3.0,34.3,0,0,0.0
EQ-2020-1978,2022-12-09 00:22:00,Andaman Nicobar Basin,11.3847,92.9654,2.8,14.0,0,0,0.0
EQ-2021-1979,2021-01-18 05:10:00,Assam North-East,26.783,93.5653,3.9,7.4,0,0,0.0
EQ-2022-1980,2021-04-09 18:10:00,Japan Ring of Fire,36.1353,138.4968,3.2,7.0,0,0,0.0
EQ-2023-1981,2021-07-07 09:50:00,Indonesia Subduction Zone,-1.8485,114.6531,4.2,11.7,0,0,0.0
EQ-2024-1982,2023-12-17 04:50:00,California Fault,34.5421,-119.7612,4.1,19.7,0,0,0.0
EQ-2025-1983,2019-08-24 18:43:00,Turkey East Anatolian,38.6663,33.4541,4.8,31.4,0,0,0.0
EQ-2018-1984,2022-10-21 06:56:00,Himalayan Fault Belt,31.9676,79.4019,2.9,16.4,0,0,0.0
EQ-2019-1985,2018-08-01 21:45:00,Gujarat Kutch Zone,25.0253,68.8239,3.8,48.5,0,0,0.0
EQ-2020-1986,2023-07-24 07:30:00,Andaman Nicobar Basin,10.1782,90.7181,3.9,22.3,0,0,0.0
EQ-2021-1987,2018-05-24 05:32:00,Assam North-East,23.8309,92.4212,3.2,23.8,0,0,0.0
EQ-2022-1988,2022-08-22 01:19:00,Japan Ring of Fire,36.3116,138.323,4.9,14.4,0,0,0.0
EQ-2023-1989,2019-04-17 01:13:00,Indonesia Subduction Zone,0.4489,113.966,4.2,24.3,0,0,0.0
EQ-2024-1990,2022-07-03 16:31:00,California Fault,36.4367,-119.3764,2.9,30.5,0,0,0.0
EQ-2025-1991,2019-04-15 08:12:00,Turkey East Anatolian,38.937,35.6274,4.8,23.9,0,0,0.0
EQ-2018-1992,2018-05-12 15:29:00,Himalayan Fault Belt,31.4574,76.7519,5.2,23.0,0,0,0.0
EQ-2019-1993,2021-03-30 04:48:00,Gujarat Kutch Zone,24.0834,69.229,4.2,45.7,0,0,0.0
EQ-2020-1994,2020-04-12 14:00:00,Andaman Nicobar Basin,11.0294,91.9359,3.6,7.3,0,0,0.0
EQ-2021-1995,2022-02-04 14:05:00,Assam North-East,25.3173,92.8106,3.6,21.0,0,0,0.0
EQ-2022-1996,2022-08-10 13:34:00,Japan Ring of Fire,37.0207,139.2631,3.2,25.6,0,0,0.0
EQ-2023-1997,2024-08-28 07:47:00,Indonesia Subduction Zone,0.6033,113.7254,3.6,13.5,0,0,0.0
EQ-2024-1998,2022-10-23 05:25:00,California Fault,37.1604,-118.9452,3.2,36.8,0,0,0.0
EQ-2025-1999,2023-11-05 05:06:00,Turkey East Anatolian,39.5384,33.1095,6.2,25.5,0,70,4.77
EQ-2018-2000,2022-07-22 16:25:00,Himalayan Fault Belt,30.6198,80.3883,3.2,40.4,0,0,0.0
EQ-2019-2001,2024-07-19 02:45:00,Gujarat Kutch Zone,25.8529,68.2637,3.2,63.2,0,0,0.0
EQ-2020-2002,2024-06-25 09:39:00,Andaman Nicobar Basin,11.1659,93.0068,6.4,70.8,0,78,9.52
EQ-2021-2003,2023-08-19 07:36:00,Assam North-East,26.5465,93.2878,4.1,40.6,0,0,0.0
EQ-2022-2004,2018-07-23 08:37:00,Japan Ring of Fire,36.0818,140.4573,3.4,43.6,0,0,0.0
EQ-2023-2005,2021-09-10 11:19:00,Indonesia Subduction Zone,-1.3985,114.0332,3.4,32.8,0,0,0.0
EQ-2024-2006,2020-01-17 07:16:00,California Fault,37.3056,-120.0847,3.2,39.4,0,0,0.0
EQ-2025-2007,2019-10-19 05:44:00,Turkey East Anatolian,39.6693,33.2776,3.5,20.4,0,0,0.0
EQ-2018-2008,2022-01-03 06:32:00,Himalayan Fault Belt,31.1877,77.7894,2.9,16.8,0,0,0.0
EQ-2019-2009,2020-11-06 17:59:00,Gujarat Kutch Zone,25.0418,71.0861,4.5,27.5,0,0,0.0
EQ-2020-2010,2023-02-12 09:12:00,Andaman Nicobar Basin,11.3187,92.8399,3.3,20.7,0,0,0.0
EQ-2021-2011,2023-05-26 04:17:00,Assam North-East,25.6844,91.0393,3.0,22.6,0,0,0.0
EQ-2022-2012,2023-11-13 19:08:00,Japan Ring of Fire,36.4019,139.3376,4.8,21.2,0,0,0.0
EQ-2023-2013,2023-10-18 18:24:00,Indonesia Subduction Zone,-0.1597,114.1384,4.4,26.4,0,0,0.0
EQ-2024-2014,2024-07-08 18:20:00,California Fault,38.06,-120.8567,2.8,47.8,0,0,0.0
EQ-2025-2015,2021-12-14 02:33:00,Turkey East Anatolian,39.616,34.3709,7.2,15.6,1,342,8.19
EQ-2018-2016,2024-02-21 09:01:00,Himalayan Fault Belt,29.2742,77.904,6.0,36.2,0,110,8.5
EQ-2019-2017,2021-03-16 04:18:00,Gujarat Kutch Zone,22.0357,68.6497,5.0,14.2,0,0,0.0
EQ-2020-2018,2023-11-02 18:20:00,Andaman Nicobar Basin,12.4951,92.8696,4.2,79.8,0,0,0.0
EQ-2021-2019,2019-11-18 14:59:00,Assam North-East,24.575,91.3961,2.9,65.8,0,0,0.0
EQ-2022-2020,2019-09-16 02:44:00,Japan Ring of Fire,35.7756,138.182,2.9,19.0,0,0,0.0
EQ-2023-2021,2021-08-22 19:07:00,Indonesia Subduction Zone,-3.0338,114.4288,3.0,17.5,0,0,0.0
EQ-2024-2022,2023-11-25 20:11:00,California Fault,37.1781,-119.1055,3.0,27.0,0,0,0.0
EQ-2025-2023,2024-07-11 10:06:00,Turkey East Anatolian,37.9546,33.628,2.8,31.7,0,0,0.0
EQ-2018-2024,2020-12-15 16:25:00,Himalayan Fault Belt,31.3475,79.2736,3.1,20.3,0,0,0.0
EQ-2019-2025,2020-03-20 16:00:00,Gujarat Kutch Zone,23.7767,68.8702,2.9,7.4,0,0,0.0
EQ-2020-2026,2024-01-31 07:49:00,Andaman Nicobar Basin,11.5143,91.4281,4.8,31.0,0,0,0.0
EQ-2021-2027,2021-07-16 13:30:00,Assam North-East,26.696,93.1236,3.8,40.1,0,0,0.0
EQ-2022-2028,2018-10-30 01:26:00,Japan Ring of Fire,37.3403,139.7258,4.0,17.3,0,0,0.0
EQ-2023-2029,2020-02-01 07:46:00,Indonesia Subduction Zone,-2.5261,116.1423,3.1,30.7,0,0,0.0
EQ-2024-2030,2020-04-07 07:10:00,California Fault,38.311,-118.5574,3.5,33.8,0,0,0.0
EQ-2025-2031,2019-06-17 12:48:00,Turkey East Anatolian,39.7253,34.9801,3.3,45.7,0,0,0.0
EQ-2018-2032,2018-03-11 23:07:00,Himalayan Fault Belt,28.7344,78.1931,6.5,45.0,0,19,2.51
EQ-2019-2033,2024-06-30 22:51:00,Gujarat Kutch Zone,23.6881,69.7434,4.1,67.9,0,0,0.0
EQ-2020-2034,2023-03-08 18:02:00,Andaman Nicobar Basin,11.1725,93.4695,2.8,27.1,0,0,0.0
EQ-2021-2035,2022-08-30 14:33:00,Assam North-East,24.3984,93.1721,3.3,51.0,0,0,0.0
EQ-2022-2036,2018-06-09 09:55:00,Japan Ring of Fire,37.5626,138.4179,6.0,25.3,0,40,1.43
EQ-2023-2037,2022-10-08 22:21:00,Indonesia Subduction Zone,-2.341,116.586,4.2,15.9,0,0,0.0
EQ-2024-2038,2019-01-26 19:52:00,California Fault,37.6438,-120.481,3.0,51.7,0,0,0.0
EQ-2025-2039,2019-12-07 03:53:00,Turkey East Anatolian,39.5658,36.2996,4.7,14.4,0,0,0.0
EQ-2018-2040,2024-01-03 13:55:00,Himalayan Fault Belt,28.783,78.4281,3.0,55.5,0,0,0.0
EQ-2019-2041,2018-06-15 17:29:00,Gujarat Kutch Zone,26.2503,72.241,4.1,74.8,0,0,0.0
EQ-2020-2042,2024-09-13 20:30:00,Andaman Nicobar Basin,10.2455,95.2917,5.4,8.5,0,28,1.68
EQ-2021-2043,2021-07-31 23:02:00,Assam North-East,24.1969,92.6277,3.6,25.2,0,0,0.0
EQ-2022-2044,2018-11-03 22:42:00,Japan Ring of Fire,37.8441,138.0955,3.2,86.9,0,0,0.0
EQ-2023-2045,2018-08-23 17:41:00,Indonesia Subduction Zone,0.2152,113.142,2.9,22.2,0,0,0.0
EQ-2024-2046,2019-12-14 06:52:00,California Fault,38.2413,-119.9722,4.2,76.9,0,0,0.0
EQ-2025-2047,2023-03-25 15:15:00,Turkey East Anatolian,37.4096,31.8846,4.0,27.1,0,0,0.0
EQ-2018-2048,2020-01-27 10:22:00,Himalayan Fault Belt,29.3627,77.6269,4.0,13.9,0,0,0.0
EQ-2019-2049,2024-03-02 00:28:00,Gujarat Kutch Zone,22.4122,71.4115,7.3,28.8,1,827,25.44
