Incident_ID,Observation_Date,Region_District,Latitude,Longitude,24h_Rainfall_mm,River_Gauge_Level_m,Flood_Threshold_m,Inundated_Area_sqkm,Affected_Population,Casualties,Economic_Damage_Millions
FLD-2018-1000,2020-07-01,Brahmaputra Basin Guwahati,25.836,91.7421,103.0,6.07,5.0,154.5,180289,72,324.52
FLD-2019-1001,2019-10-28,Kerala Coastal Wayanad,10.0719,75.7058,149.4,8.52,5.0,224.1,392613,157,706.7
FLD-2020-1002,2020-02-01,Gangetic Plains Bihar,25.6705,86.1175,155.3,6.45,5.0,233.0,506697,202,912.05
FLD-2021-1003,2020-01-04,Mumbai Urban Basin,18.226,73.0803,193.9,7.1,5.0,290.9,535689,214,964.24
FLD-2022-1004,2024-08-06,Chennai Coastal Belt,13.8035,79.5954,136.6,7.75,5.0,204.9,179118,71,322.41
FLD-2023-1005,2024-05-05,Mahanadi Delta Odisha,20.6319,86.4118,115.7,6.76,5.0,173.6,386953,154,696.52
FLD-2024-1006,2019-10-23,Brahmaputra Basin Guwahati,26.8935,92.4152,120.9,7.21,5.0,181.4,160202,64,288.36
FLD-2025-1007,2024-03-09,Kerala Coastal Wayanad,9.5386,76.0254,91.9,7.1,5.0,137.9,289699,115,521.46
FLD-2018-1008,2020-07-11,Gangetic Plains Bihar,25.2601,84.5852,121.9,7.59,5.0,182.9,56521,22,101.74
FLD-2019-1009,2018-05-08,Mumbai Urban Basin,18.5649,73.2585,162.3,7.59,5.0,243.5,535277,214,963.5
FLD-2020-1010,2024-01-05,Chennai Coastal Belt,14.1623,79.9355,199.4,9.31,5.0,299.1,513068,205,923.52
FLD-2021-1011,2023-12-13,Mahanadi Delta Odisha,20.347,86.6201,117.0,5.8,5.0,175.5,271061,108,487.91
FLD-2022-1012,2019-05-09,Brahmaputra Basin Guwahati,25.8312,92.2615,77.5,6.61,5.0,116.2,257123,102,462.82
FLD-2023-1013,2019-03-25,Kerala Coastal Wayanad,10.2585,76.6045,103.1,5.78,5.0,154.6,134274,53,241.69
FLD-2024-1014,2023-08-11,Gangetic Plains Bihar,25.1371,85.0432,125.4,7.38,5.0,188.1,208053,83,374.5
FLD-2025-1015,2021-04-18,Mumbai Urban Basin,18.9175,73.0478,83.5,6.83,5.0,125.2,163369,65,294.06
FLD-2018-1016,2022-12-31,Chennai Coastal Belt,13.3157,80.1256,177.4,6.94,5.0,266.1,545172,218,981.31
FLD-2019-1017,2020-04-26,Mahanadi Delta Odisha,20.1245,85.6984,106.7,6.76,5.0,160.1,250765,100,451.38
FLD-2020-1018,2021-01-23,Brahmaputra Basin Guwahati,26.718,91.3917,164.6,7.65,5.0,246.9,593793,237,1068.83
FLD-2021-1019,2021-05-29,Kerala Coastal Wayanad,10.0503,75.8284,95.8,6.03,5.0,143.7,393284,157,707.91
FLD-2022-1020,2021-11-22,Gangetic Plains Bihar,26.0533,85.1361,307.3,12.45,5.0,461.0,543668,217,978.6
FLD-2023-1021,2020-10-14,Mumbai Urban Basin,18.2808,72.7603,165.6,7.95,5.0,248.4,239896,95,431.81
FLD-2024-1022,2019-08-20,Chennai Coastal Belt,12.2049,79.8677,90.7,6.46,5.0,136.1,64128,25,115.43
FLD-2025-1023,2020-12-20,Mahanadi Delta Odisha,20.8046,85.1545,196.7,6.76,5.0,295.0,72385,28,130.29
FLD-2018-1024,2024-10-26,Brahmaputra Basin Guwahati,27.4423,92.1036,84.7,5.77,5.0,127.1,153234,61,275.82
FLD-2019-1025,2022-05-16,Kerala Coastal Wayanad,11.2197,76.2224,167.3,6.47,5.0,251.0,467374,186,841.27
FLD-2020-1026,2023-12-20,Gangetic Plains Bihar,25.8468,85.031,120.6,6.95,5.0,180.9,78204,31,140.77
FLD-2021-1027,2020-02-23,Mumbai Urban Basin,19.2741,73.0862,92.3,6.28,5.0,138.4,231242,92,416.24
FLD-2022-1028,2021-11-27,Chennai Coastal Belt,12.2981,78.5736,147.9,6.04,5.0,221.9,98849,39,177.93
FLD-2023-1029,2022-07-28,Mahanadi Delta Odisha,20.4616,85.238,169.4,8.12,5.0,254.1,699667,279,1259.4
FLD-2024-1030,2019-06-13,Brahmaputra Basin Guwahati,25.9232,91.5541,100.0,6.6,5.0,150.0,394705,157,710.47
FLD-2025-1031,2021-05-18,Kerala Coastal Wayanad,9.3194,75.0736,153.9,7.11,5.0,230.9,163263,65,293.87
FLD-2018-1032,2020-06-20,Gangetic Plains Bihar,24.8467,84.5979,80.8,5.63,5.0,121.2,20301,8,36.54
FLD-2019-1033,2024-03-14,Mumbai Urban Basin,19.498,73.5046,108.2,7.54,5.0,162.3,156829,62,282.29
FLD-2020-1034,2020-01-21,Chennai Coastal Belt,12.8367,80.0285,58.0,5.97,5.0,87.0,81700,32,147.06
FLD-2021-1035,2019-07-01,Mahanadi Delta Odisha,20.8967,86.1066,157.1,6.32,5.0,235.6,250384,100,450.69
FLD-2022-1036,2020-03-10,Brahmaputra Basin Guwahati,26.2475,91.1008,150.3,6.3,5.0,225.5,186805,74,336.25
FLD-2023-1037,2024-09-12,Kerala Coastal Wayanad,8.9227,76.7925,77.9,6.15,5.0,116.9,225198,90,405.36
FLD-2024-1038,2023-01-23,Gangetic Plains Bihar,25.8193,84.415,208.4,10.02,5.0,312.6,320417,128,576.75
FLD-2025-1039,2023-05-05,Mumbai Urban Basin,18.871,72.7941,71.8,6.63,5.0,107.7,249493,99,449.09
FLD-2018-1040,2019-12-15,Chennai Coastal Belt,13.6527,79.4102,85.7,5.68,5.0,128.6,321150,128,578.07
FLD-2019-1041,2024-07-28,Mahanadi Delta Odisha,21.0462,85.294,161.4,6.48,5.0,242.1,153332,61,276.0
FLD-2020-1042,2024-04-21,Brahmaputra Basin Guwahati,26.5211,92.0025,115.0,7.14,5.0,172.5,231236,92,416.22
FLD-2021-1043,2022-11-23,Kerala Coastal Wayanad,10.0375,76.9173,116.3,6.85,5.0,174.4,415435,166,747.78
FLD-2022-1044,2020-08-29,Gangetic Plains Bihar,26.3702,85.7277,99.4,6.04,5.0,149.1,254601,101,458.28
FLD-2023-1045,2018-05-26,Mumbai Urban Basin,19.4101,73.1722,176.0,9.26,5.0,264.0,701414,280,1262.55
FLD-2024-1046,2021-10-28,Chennai Coastal Belt,12.91,80.5262,106.2,7.05,5.0,159.3,372573,149,670.63
FLD-2025-1047,2023-03-16,Mahanadi Delta Odisha,19.8733,85.7459,212.4,8.76,5.0,318.6,527289,210,949.12
FLD-2018-1048,2020-03-26,Brahmaputra Basin Guwahati,25.3211,91.3326,107.9,6.82,5.0,161.9,262820,105,473.08
FLD-2019-1049,2018-04-18,Kerala Coastal Wayanad,9.4064,76.1335,76.4,6.53,5.0,114.6,282149,112,507.87
FLD-2020-1050,2019-07-07,Gangetic Plains Bihar,25.529,84.6518,258.2,8.32,5.0,387.3,604756,241,1088.56
FLD-2021-1051,2024-03-10,Mumbai Urban Basin,18.9686,72.656,148.1,7.18,5.0,222.1,448372,179,807.07
FLD-2022-1052,2018-04-09,Chennai Coastal Belt,13.1241,80.24,124.7,6.89,5.0,187.1,261436,104,470.58
FLD-2023-1053,2024-04-09,Mahanadi Delta Odisha,20.9517,85.2816,88.5,5.84,5.0,132.8,201701,80,363.06
FLD-2024-1054,2021-04-30,Brahmaputra Basin Guwahati,26.3461,91.2025,110.0,7.64,5.0,165.0,153370,61,276.07
FLD-2025-1055,2022-06-07,Kerala Coastal Wayanad,10.2259,76.4985,131.1,8.13,5.0,196.6,403004,161,725.41
FLD-2018-1056,2021-12-31,Gangetic Plains Bihar,25.9409,85.5813,79.3,6.88,5.0,118.9,118579,47,213.44
FLD-2019-1057,2021-11-15,Mumbai Urban Basin,20.0983,72.8873,143.8,8.09,5.0,215.7,275918,110,496.65
FLD-2020-1058,2023-06-27,Chennai Coastal Belt,11.9375,80.3587,115.5,7.3,5.0,173.2,143730,57,258.71
FLD-2021-1059,2024-03-05,Mahanadi Delta Odisha,20.7564,85.6033,96.2,7.33,5.0,144.3,72735,29,130.92
FLD-2022-1060,2022-12-24,Brahmaputra Basin Guwahati,26.2912,91.0439,112.4,6.58,5.0,168.6,119040,47,214.27
FLD-2023-1061,2020-07-30,Kerala Coastal Wayanad,9.8793,75.7108,278.5,10.27,5.0,417.8,1153110,461,2075.6
FLD-2024-1062,2022-01-20,Gangetic Plains Bihar,25.0635,84.7044,167.8,8.3,5.0,251.7,646200,258,1163.16
FLD-2025-1063,2018-08-03,Mumbai Urban Basin,18.8488,72.3995,174.4,6.79,5.0,261.6,515349,206,927.63
FLD-2018-1064,2021-04-13,Chennai Coastal Belt,13.101,81.0001,160.9,6.96,5.0,241.4,226535,90,407.76
FLD-2019-1065,2023-07-07,Mahanadi Delta Odisha,20.4675,85.5764,65.3,6.45,5.0,97.9,37703,15,67.87
FLD-2020-1066,2018-06-21,Brahmaputra Basin Guwahati,26.7575,92.3423,141.8,7.76,5.0,212.7,110812,44,199.46
FLD-2021-1067,2018-09-14,Kerala Coastal Wayanad,9.8576,76.2448,137.2,8.03,5.0,205.8,564283,225,1015.71
FLD-2022-1068,2018-09-03,Gangetic Plains Bihar,25.6081,85.1717,106.8,6.3,5.0,160.2,90494,36,162.89
FLD-2023-1069,2019-10-13,Mumbai Urban Basin,18.5373,73.1873,143.9,6.43,5.0,215.9,440607,176,793.09
FLD-2024-1070,2019-07-28,Chennai Coastal Belt,12.441,80.7818,128.8,6.89,5.0,193.2,435810,174,784.46
FLD-2025-1071,2023-07-04,Mahanadi Delta Odisha,20.7998,85.4248,152.1,7.9,5.0,228.1,507127,202,912.83
FLD-2018-1072,2018-11-13,Brahmaputra Basin Guwahati,26.6363,92.4144,241.7,8.0,5.0,362.5,331136,132,596.04
FLD-2019-1073,2021-06-09,Kerala Coastal Wayanad,10.0424,76.7196,167.0,8.66,5.0,250.5,303321,121,545.98
FLD-2020-1074,2023-07-22,Gangetic Plains Bihar,26.3062,85.1318,74.5,6.71,5.0,111.8,123340,49,222.01
FLD-2021-1075,2022-02-03,Mumbai Urban Basin,18.2198,72.8101,142.7,6.68,5.0,214.0,502264,200,904.08
FLD-2022-1076,2023-07-18,Chennai Coastal Belt,13.4059,80.366,86.0,6.26,5.0,129.0,345071,138,621.13
FLD-2023-1077,2024-03-09,Mahanadi Delta Odisha,19.7649,85.6906,101.4,6.16,5.0,152.1,110990,44,199.78
FLD-2024-1078,2023-10-12,Brahmaputra Basin Guwahati,25.6617,91.4594,91.7,5.64,5.0,137.6,72082,28,129.75
FLD-2025-1079,2022-08-22,Kerala Coastal Wayanad,10.2349,76.5107,61.2,6.21,5.0,91.8,173538,69,312.37
FLD-2018-1080,2022-12-23,Gangetic Plains Bihar,25.7901,85.0085,103.2,5.69,5.0,154.8,376729,150,678.11
FLD-2019-1081,2019-10-22,Mumbai Urban Basin,18.9166,72.2055,265.8,9.8,5.0,398.7,452866,181,815.16
FLD-2020-1082,2019-04-07,Chennai Coastal Belt,12.5884,79.7946,63.4,6.44,5.0,95.1,253822,101,456.88
FLD-2021-1083,2024-03-28,Mahanadi Delta Odisha,21.001,85.8044,136.7,8.01,5.0,205.0,265847,106,478.52
FLD-2022-1084,2021-06-14,Brahmaputra Basin Guwahati,25.9672,90.9023,122.3,6.99,5.0,183.4,169410,67,304.94
FLD-2023-1085,2021-09-18,Kerala Coastal Wayanad,10.1688,76.4765,330.0,12.05,5.0,495.0,625613,250,1126.1
FLD-2024-1086,2023-01-14,Gangetic Plains Bihar,25.1462,86.1533,282.5,8.42,5.0,423.8,169755,67,305.56
FLD-2025-1087,2024-01-19,Mumbai Urban Basin,18.5448,73.1476,113.5,6.93,5.0,170.2,225346,90,405.62
FLD-2018-1088,2020-11-24,Chennai Coastal Belt,12.3476,80.6782,130.5,8.08,5.0,195.8,534550,213,962.19
FLD-2019-1089,2022-04-16,Mahanadi Delta Odisha,20.3537,85.815,425.4,9.12,5.0,638.1,344149,137,619.47
FLD-2020-1090,2018-11-29,Brahmaputra Basin Guwahati,26.5012,91.8467,281.4,6.92,5.0,422.1,1167632,467,2101.74
FLD-2021-1091,2019-07-05,Kerala Coastal Wayanad,9.7715,76.6656,95.8,6.17,5.0,143.7,94335,37,169.8
FLD-2022-1092,2021-01-02,Gangetic Plains Bihar,26.4635,86.0355,92.7,5.64,5.0,139.1,24422,9,43.96
FLD-2023-1093,2023-11-20,Mumbai Urban Basin,18.7013,72.7153,124.2,6.6,5.0,186.3,146497,58,263.69
FLD-2024-1094,2020-05-24,Chennai Coastal Belt,13.4035,80.2161,65.4,6.02,5.0,98.1,203091,81,365.56
FLD-2025-1095,2022-04-18,Mahanadi Delta Odisha,20.0909,86.2493,93.6,7.03,5.0,140.4,34184,13,61.53
FLD-2018-1096,2020-03-09,Brahmaputra Basin Guwahati,27.0232,91.9209,118.9,7.24,5.0,178.4,370684,148,667.23
FLD-2019-1097,2022-11-27,Kerala Coastal Wayanad,10.654,76.7614,174.1,6.63,5.0,261.1,393566,157,708.42
FLD-2020-1098,2020-09-14,Gangetic Plains Bihar,25.0282,83.7101,85.9,6.22,5.0,128.9,75151,30,135.27
FLD-2021-1099,2022-03-18,Mumbai Urban Basin,18.5271,72.4138,234.9,10.46,5.0,352.4,752097,300,1353.77
FLD-2022-1100,2022-05-22,Chennai Coastal Belt,13.3072,80.4993,100.7,6.32,5.0,151.1,116082,46,208.95
FLD-2023-1101,2020-06-07,Mahanadi Delta Odisha,19.861,85.4797,112.3,6.79,5.0,168.4,137652,55,247.77
FLD-2024-1102,2022-05-14,Brahmaputra Basin Guwahati,26.0966,91.3479,142.1,6.61,5.0,213.1,347107,138,624.79
FLD-2025-1103,2018-02-21,Kerala Coastal Wayanad,10.1963,76.1414,181.8,6.67,5.0,272.7,273664,109,492.6
FLD-2018-1104,2019-02-23,Gangetic Plains Bihar,25.238,84.9848,79.9,5.56,5.0,119.9,77687,31,139.84
FLD-2019-1105,2023-08-30,Mumbai Urban Basin,18.839,72.4075,133.9,6.74,5.0,200.9,246115,98,443.01
FLD-2020-1106,2023-05-18,Chennai Coastal Belt,13.2705,80.2105,82.5,6.25,5.0,123.8,104174,41,187.51
FLD-2021-1107,2020-11-23,Mahanadi Delta Odisha,20.5237,85.7952,193.1,8.92,5.0,289.6,140331,56,252.6
FLD-2022-1108,2018-10-16,Brahmaputra Basin Guwahati,26.3403,91.4852,77.0,5.99,5.0,115.5,108216,43,194.79
FLD-2023-1109,2023-10-19,Kerala Coastal Wayanad,9.9822,76.069,111.5,6.99,5.0,167.2,82916,33,149.25
FLD-2024-1110,2022-02-13,Gangetic Plains Bihar,24.6395,85.605,76.0,6.04,5.0,114.0,193826,77,348.89
FLD-2025-1111,2018-09-02,Mumbai Urban Basin,19.0898,72.5467,78.8,6.64,5.0,118.2,34251,13,61.65
FLD-2018-1112,2023-04-04,Chennai Coastal Belt,13.5413,80.7583,147.2,8.27,5.0,220.8,108873,43,195.97
FLD-2019-1113,2023-11-06,Mahanadi Delta Odisha,20.426,85.1203,135.7,6.25,5.0,203.5,291493,116,524.69
FLD-2020-1114,2020-01-15,Brahmaputra Basin Guwahati,25.7413,91.5546,113.1,6.91,5.0,169.6,230581,92,415.05
FLD-2021-1115,2020-04-19,Kerala Coastal Wayanad,10.2175,75.9528,170.6,8.66,5.0,255.9,423021,169,761.44
FLD-2022-1116,2019-11-18,Gangetic Plains Bihar,25.854,84.4423,230.0,7.08,5.0,345.0,144854,57,260.74
FLD-2023-1117,2018-11-30,Mumbai Urban Basin,19.0592,73.2101,158.3,6.53,5.0,237.5,404786,161,728.61
FLD-2024-1118,2023-06-01,Chennai Coastal Belt,12.7625,79.9502,129.9,7.74,5.0,194.9,34917,13,62.85
FLD-2025-1119,2019-07-22,Mahanadi Delta Odisha,20.3453,85.4624,79.4,5.78,5.0,119.1,174333,69,313.8
FLD-2018-1120,2022-11-22,Brahmaputra Basin Guwahati,25.9046,92.0926,64.1,6.5,5.0,96.1,20590,8,37.06
FLD-2019-1121,2021-07-05,Kerala Coastal Wayanad,10.1537,75.1007,157.1,6.46,5.0,235.6,159456,63,287.02
FLD-2020-1122,2024-05-29,Gangetic Plains Bihar,25.982,85.8463,176.4,8.88,5.0,264.6,498480,199,897.26
FLD-2021-1123,2021-01-31,Mumbai Urban Basin,19.9023,72.8093,111.9,6.58,5.0,167.9,102774,41,184.99
FLD-2022-1124,2019-06-04,Chennai Coastal Belt,13.4943,80.7231,258.1,7.12,5.0,387.2,459803,183,827.65
FLD-2023-1125,2022-01-02,Mahanadi Delta Odisha,20.2057,84.8368,203.3,7.45,5.0,305.0,221978,88,399.56
FLD-2024-1126,2021-04-04,Brahmaputra Basin Guwahati,25.9483,90.8443,160.7,6.56,5.0,241.0,254427,101,457.97
FLD-2025-1127,2020-01-05,Kerala Coastal Wayanad,10.4592,75.5157,153.4,6.74,5.0,230.1,424585,169,764.25
FLD-2018-1128,2022-11-18,Gangetic Plains Bihar,26.1286,85.2928,141.0,7.95,5.0,211.5,138130,55,248.63
FLD-2019-1129,2022-02-21,Mumbai Urban Basin,19.7265,71.7073,200.2,7.28,5.0,300.3,598123,239,1076.62
FLD-2020-1130,2024-02-27,Chennai Coastal Belt,13.8009,80.8823,207.9,7.36,5.0,311.9,583956,233,1051.12
FLD-2021-1131,2019-11-22,Mahanadi Delta Odisha,20.8004,86.8299,169.0,7.89,5.0,253.5,495516,198,891.93
FLD-2022-1132,2020-02-24,Brahmaputra Basin Guwahati,26.0218,92.7267,200.1,9.72,5.0,300.1,344322,137,619.78
FLD-2023-1133,2019-05-20,Kerala Coastal Wayanad,9.603,76.2412,189.4,8.05,5.0,284.1,479142,191,862.46
FLD-2024-1134,2022-05-12,Gangetic Plains Bihar,25.824,86.4554,129.7,6.71,5.0,194.5,369827,147,665.69
FLD-2025-1135,2022-02-08,Mumbai Urban Basin,19.2883,73.4676,68.7,6.43,5.0,103.1,148431,59,267.18
FLD-2018-1136,2022-08-29,Chennai Coastal Belt,13.3787,80.2876,60.7,6.01,5.0,91.1,103045,41,185.48
FLD-2019-1137,2024-04-12,Mahanadi Delta Odisha,19.9213,85.3911,113.3,6.54,5.0,169.9,406818,162,732.27
FLD-2020-1138,2020-02-29,Brahmaputra Basin Guwahati,26.1239,91.2798,178.4,7.19,5.0,267.6,342943,137,617.3
FLD-2021-1139,2024-04-30,Kerala Coastal Wayanad,10.793,75.7478,445.5,15.82,5.0,668.2,1551972,620,2793.55
FLD-2022-1140,2018-03-22,Gangetic Plains Bihar,24.6971,84.8189,136.7,7.31,5.0,205.0,226488,90,407.68
FLD-2023-1141,2023-08-26,Mumbai Urban Basin,19.0628,72.9314,177.0,8.73,5.0,265.5,167258,66,301.06
FLD-2024-1142,2019-03-23,Chennai Coastal Belt,12.1574,79.9235,187.1,7.46,5.0,280.6,701792,280,1263.23
FLD-2025-1143,2024-01-08,Mahanadi Delta Odisha,20.1653,86.5658,54.0,6.11,5.0,81.0,22607,9,40.69
FLD-2018-1144,2019-12-06,Brahmaputra Basin Guwahati,26.2513,91.7872,156.0,8.24,5.0,234.0,309943,123,557.9
FLD-2019-1145,2023-12-12,Kerala Coastal Wayanad,10.276,76.9026,154.6,7.07,5.0,231.9,80586,32,145.05
FLD-2020-1146,2022-09-20,Gangetic Plains Bihar,25.8029,86.0489,127.0,7.82,5.0,190.5,488579,195,879.44
FLD-2021-1147,2022-08-14,Mumbai Urban Basin,19.0425,73.4786,140.9,6.25,5.0,211.4,109374,43,196.87
FLD-2022-1148,2019-09-13,Chennai Coastal Belt,13.7763,79.8208,110.1,6.17,5.0,165.1,142228,56,256.01
FLD-2023-1149,2018-09-10,Mahanadi Delta Odisha,20.8644,86.1135,204.6,8.71,5.0,306.9,428162,171,770.69
FLD-2024-1150,2021-03-07,Brahmaputra Basin Guwahati,27.1108,92.0737,151.4,8.6,5.0,227.1,387064,154,696.72
FLD-2025-1151,2021-04-12,Kerala Coastal Wayanad,10.0941,76.2836,147.1,7.76,5.0,220.6,377084,150,678.75
FLD-2018-1152,2021-10-15,Gangetic Plains Bihar,24.7814,85.0394,242.1,8.16,5.0,363.1,446298,178,803.34
FLD-2019-1153,2020-04-13,Mumbai Urban Basin,19.8698,72.8426,64.3,5.9,5.0,96.4,215189,86,387.34
FLD-2020-1154,2022-07-19,Chennai Coastal Belt,12.4565,80.4419,82.4,6.49,5.0,123.6,324102,129,583.38
FLD-2021-1155,2022-09-20,Mahanadi Delta Odisha,21.2197,86.3394,187.6,8.82,5.0,281.4,413908,165,745.03
FLD-2022-1156,2022-02-16,Brahmaputra Basin Guwahati,26.0029,91.8379,64.5,5.58,5.0,96.8,84675,33,152.41
FLD-2023-1157,2024-02-19,Kerala Coastal Wayanad,9.8059,76.0237,102.2,6.7,5.0,153.3,102027,40,183.65
FLD-2024-1158,2023-12-08,Gangetic Plains Bihar,25.2526,84.9023,111.7,6.66,5.0,167.6,349034,139,628.26
FLD-2025-1159,2019-08-09,Mumbai Urban Basin,19.2184,73.0006,148.0,7.77,5.0,222.0,589734,235,1061.52
FLD-2018-1160,2019-01-05,Chennai Coastal Belt,12.7916,81.2526,79.9,6.86,5.0,119.9,240917,96,433.65
FLD-2019-1161,2020-08-04,Mahanadi Delta Odisha,20.304,86.1289,153.6,6.03,5.0,230.4,51133,20,92.04
FLD-2020-1162,2019-09-13,Brahmaputra Basin Guwahati,25.3187,91.9167,59.2,6.29,5.0,88.8,162963,65,293.33
FLD-2021-1163,2023-08-21,Kerala Coastal Wayanad,8.731,76.5558,191.8,7.99,5.0,287.7,722241,288,1300.03
FLD-2022-1164,2024-01-13,Gangetic Plains Bihar,25.3215,85.8182,98.6,5.87,5.0,147.9,110941,44,199.69
FLD-2023-1165,2024-07-17,Mumbai Urban Basin,19.1884,72.2791,93.3,5.65,5.0,139.9,280515,112,504.93
FLD-2024-1166,2021-02-07,Chennai Coastal Belt,12.82,80.1653,288.6,9.43,5.0,432.9,376234,150,677.22
FLD-2025-1167,2019-06-26,Mahanadi Delta Odisha,21.0309,85.8652,254.8,7.68,5.0,382.2,391320,156,704.38
FLD-2018-1168,2021-05-23,Brahmaputra Basin Guwahati,25.745,91.3695,106.9,5.96,5.0,160.4,352571,141,634.63
FLD-2019-1169,2018-11-21,Kerala Coastal Wayanad,8.9606,75.8372,168.0,7.81,5.0,252.0,137462,54,247.43
FLD-2020-1170,2020-04-25,Gangetic Plains Bihar,25.2709,84.5961,82.9,6.53,5.0,124.4,256086,102,460.95
FLD-2021-1171,2018-12-23,Mumbai Urban Basin,18.3742,72.3111,111.2,6.57,5.0,166.8,344407,137,619.93
FLD-2022-1172,2018-04-24,Chennai Coastal Belt,13.0182,80.5511,245.1,8.39,5.0,367.6,555791,222,1000.42
FLD-2023-1173,2022-11-01,Mahanadi Delta Odisha,21.2916,86.9363,173.4,8.86,5.0,260.1,413212,165,743.78
FLD-2024-1174,2018-04-06,Brahmaputra Basin Guwahati,26.1449,91.3628,188.0,6.47,5.0,282.0,615097,246,1107.17
FLD-2025-1175,2020-03-20,Kerala Coastal Wayanad,10.422,76.1911,70.9,6.37,5.0,106.4,172913,69,311.24
FLD-2018-1176,2018-09-29,Gangetic Plains Bihar,25.265,85.825,77.9,5.81,5.0,116.9,208791,83,375.82
FLD-2019-1177,2018-04-22,Mumbai Urban Basin,18.3609,72.6566,102.3,6.95,5.0,153.4,391738,156,705.13
FLD-2020-1178,2022-01-07,Chennai Coastal Belt,12.4449,79.6373,138.8,7.71,5.0,208.2,569776,227,1025.6
FLD-2021-1179,2018-08-06,Mahanadi Delta Odisha,20.2033,84.8454,162.9,8.29,5.0,244.4,201114,80,362.01
FLD-2022-1180,2019-01-03,Brahmaputra Basin Guwahati,27.0862,92.171,148.9,7.04,5.0,223.4,366415,146,659.55
FLD-2023-1181,2022-08-13,Kerala Coastal Wayanad,10.2162,75.9335,206.9,8.53,5.0,310.4,749642,299,1349.36
FLD-2024-1182,2022-08-15,Gangetic Plains Bihar,25.0789,85.2058,297.0,9.19,5.0,445.5,130128,52,234.23
FLD-2025-1183,2023-11-22,Mumbai Urban Basin,18.7003,73.1636,85.9,6.89,5.0,128.9,317794,127,572.03
FLD-2018-1184,2020-01-19,Chennai Coastal Belt,14.0455,80.1451,123.2,6.72,5.0,184.8,174943,69,314.9
FLD-2019-1185,2022-08-01,Mahanadi Delta Odisha,19.4625,86.39,207.3,7.36,5.0,311.0,328147,131,590.66
FLD-2020-1186,2024-04-14,Brahmaputra Basin Guwahati,26.1487,91.7673,97.8,5.82,5.0,146.7,169878,67,305.78
FLD-2021-1187,2024-07-25,Kerala Coastal Wayanad,9.4517,74.6844,165.9,6.6,5.0,248.9,192411,76,346.34
FLD-2022-1188,2020-11-09,Gangetic Plains Bihar,24.7167,84.3974,142.9,6.35,5.0,214.4,460937,184,829.69
FLD-2023-1189,2020-03-23,Mumbai Urban Basin,18.9591,72.3056,142.7,7.29,5.0,214.0,38851,15,69.93
FLD-2024-1190,2018-01-25,Chennai Coastal Belt,12.6521,80.4597,77.5,6.87,5.0,116.2,257118,102,462.81
FLD-2025-1191,2020-08-28,Mahanadi Delta Odisha,20.7881,85.558,223.4,7.24,5.0,335.1,937834,375,1688.1
FLD-2018-1192,2023-05-28,Brahmaputra Basin Guwahati,25.9728,91.9554,68.7,5.66,5.0,103.1,211069,84,379.92
FLD-2019-1193,2024-02-07,Kerala Coastal Wayanad,9.5916,75.526,102.8,6.99,5.0,154.2,86108,34,154.99
FLD-2020-1194,2021-02-17,Gangetic Plains Bihar,25.584,85.2361,145.6,7.1,5.0,218.4,530473,212,954.85
FLD-2021-1195,2021-11-29,Mumbai Urban Basin,18.6554,72.0989,156.0,7.94,5.0,234.0,314337,125,565.81
FLD-2022-1196,2023-08-14,Chennai Coastal Belt,13.4189,79.3227,55.4,6.07,5.0,83.1,75249,30,135.45
FLD-2023-1197,2022-10-10,Mahanadi Delta Odisha,20.1514,86.2552,102.6,6.26,5.0,153.9,286892,114,516.41
FLD-2024-1198,2019-04-21,Brahmaputra Basin Guwahati,26.2813,91.3367,123.5,7.34,5.0,185.2,330012,132,594.02
FLD-2025-1199,2020-03-17,Kerala Coastal Wayanad,9.9113,75.0612,126.4,7.3,5.0,189.6,135337,54,243.61
FLD-2018-1200,2018-01-12,Gangetic Plains Bihar,25.4136,85.0673,95.1,5.79,5.0,142.6,228240,91,410.83
FLD-2019-1201,2021-08-20,Mumbai Urban Basin,18.6718,72.8655,195.5,7.15,5.0,293.2,260660,104,469.19
FLD-2020-1202,2023-11-09,Chennai Coastal Belt,12.7248,79.8472,94.2,7.25,5.0,141.3,128776,51,231.8
FLD-2021-1203,2019-10-31,Mahanadi Delta Odisha,20.1173,84.7115,232.2,7.19,5.0,348.3,832448,332,1498.41
FLD-2022-1204,2023-07-16,Brahmaputra Basin Guwahati,25.6859,90.9574,58.4,6.19,5.0,87.6,30510,12,54.92
FLD-2023-1205,2019-06-15,Kerala Coastal Wayanad,10.3721,75.8545,73.5,6.57,5.0,110.2,51308,20,92.35
FLD-2024-1206,2021-01-22,Gangetic Plains Bihar,24.7016,85.7952,230.6,6.98,5.0,345.9,518455,207,933.22
FLD-2025-1207,2022-06-15,Mumbai Urban Basin,19.173,72.9298,150.5,7.77,5.0,225.8,238917,95,430.05
FLD-2018-1208,2023-12-02,Chennai Coastal Belt,13.5838,80.6276,149.3,8.18,5.0,224.0,551263,220,992.27
FLD-2019-1209,2021-08-02,Mahanadi Delta Odisha,20.1945,85.5592,84.8,5.8,5.0,127.2,37429,14,67.37
FLD-2020-1210,2024-03-10,Brahmaputra Basin Guwahati,26.7759,91.3375,90.9,5.84,5.0,136.4,77040,30,138.67
FLD-2021-1211,2021-10-23,Kerala Coastal Wayanad,9.5441,76.1349,180.6,7.64,5.0,270.9,563179,225,1013.72
FLD-2022-1212,2020-04-26,Gangetic Plains Bihar,25.2045,85.3371,135.8,6.46,5.0,203.7,470243,188,846.44
FLD-2023-1213,2024-07-19,Mumbai Urban Basin,19.4451,72.0731,131.5,7.51,5.0,197.2,242053,96,435.7
FLD-2024-1214,2020-03-02,Chennai Coastal Belt,13.2269,80.1757,162.3,6.56,5.0,243.5,161360,64,290.45
FLD-2025-1215,2020-06-17,Mahanadi Delta Odisha,20.7919,85.4223,127.6,7.53,5.0,191.4,314924,125,566.86
FLD-2018-1216,2023-05-12,Brahmaputra Basin Guwahati,25.9392,92.3686,82.6,5.96,5.0,123.9,25883,10,46.59
FLD-2019-1217,2024-02-28,Kerala Coastal Wayanad,10.4174,76.0123,130.6,7.03,5.0,195.9,79683,31,143.43
FLD-2020-1218,2023-10-25,Gangetic Plains Bihar,24.9741,85.1145,219.1,7.7,5.0,328.6,268881,107,483.99
FLD-2021-1219,2024-05-31,Mumbai Urban Basin,18.8506,72.8544,70.1,6.64,5.0,105.1,194950,77,350.91
FLD-2022-1220,2024-03-03,Chennai Coastal Belt,13.1233,80.8496,92.3,6.12,5.0,138.4,42720,17,76.9
FLD-2023-1221,2019-03-30,Mahanadi Delta Odisha,19.9561,86.6017,63.9,6.08,5.0,95.8,191979,76,345.56
FLD-2024-1222,2020-12-30,Brahmaputra Basin Guwahati,25.5512,91.5192,241.8,6.91,5.0,362.7,514283,205,925.71
FLD-2025-1223,2020-06-10,Kerala Coastal Wayanad,8.9858,76.7949,89.4,7.05,5.0,134.1,217564,87,391.62
FLD-2018-1224,2023-08-24,Gangetic Plains Bihar,24.7173,84.8966,91.7,7.19,5.0,137.6,261610,104,470.9
FLD-2019-1225,2023-01-17,Mumbai Urban Basin,18.2445,73.348,97.0,7.2,5.0,145.5,227627,91,409.73
FLD-2020-1226,2022-01-27,Chennai Coastal Belt,13.2855,80.5143,179.3,7.3,5.0,269.0,44900,17,80.82
FLD-2021-1227,2020-07-01,Mahanadi Delta Odisha,19.9379,84.7746,99.5,6.0,5.0,149.2,125440,50,225.79
FLD-2022-1228,2019-01-30,Brahmaputra Basin Guwahati,26.0455,90.927,71.2,5.69,5.0,106.8,240678,96,433.22
FLD-2023-1229,2022-09-29,Kerala Coastal Wayanad,9.897,76.2281,83.3,5.94,5.0,124.9,338703,135,609.67
FLD-2024-1230,2020-01-18,Gangetic Plains Bihar,25.3501,85.3715,120.6,7.41,5.0,180.9,178699,71,321.66
FLD-2025-1231,2018-11-25,Mumbai Urban Basin,18.902,72.6749,218.9,8.44,5.0,328.4,322798,129,581.04
FLD-2018-1232,2018-11-28,Chennai Coastal Belt,12.4343,80.6437,204.1,6.49,5.0,306.1,327970,131,590.35
FLD-2019-1233,2019-04-03,Mahanadi Delta Odisha,20.7259,85.7899,87.8,5.93,5.0,131.7,48767,19,87.78
FLD-2020-1234,2023-12-22,Brahmaputra Basin Guwahati,26.198,91.399,193.4,7.51,5.0,290.1,624973,249,1124.95
FLD-2021-1235,2019-09-21,Kerala Coastal Wayanad,10.5347,76.1138,65.2,5.75,5.0,97.8,124444,49,224.0
FLD-2022-1236,2021-05-17,Gangetic Plains Bihar,25.514,85.8191,143.1,7.52,5.0,214.6,547746,219,985.94
FLD-2023-1237,2021-10-28,Mumbai Urban Basin,19.0063,72.7596,105.6,5.88,5.0,158.4,113645,45,204.56
FLD-2024-1238,2022-04-15,Chennai Coastal Belt,12.7979,80.2009,140.2,6.59,5.0,210.3,428961,171,772.13
FLD-2025-1239,2018-06-01,Mahanadi Delta Odisha,19.5641,85.3803,112.4,7.3,5.0,168.6,85214,34,153.39
FLD-2018-1240,2022-04-28,Brahmaputra Basin Guwahati,26.4209,92.642,177.9,9.31,5.0,266.9,225546,90,405.98
FLD-2019-1241,2018-06-14,Kerala Coastal Wayanad,10.3131,76.1051,137.1,6.63,5.0,205.6,411205,164,740.17
FLD-2020-1242,2018-09-03,Gangetic Plains Bihar,25.122,86.2588,73.8,6.48,5.0,110.7,75696,30,136.25
FLD-2021-1243,2020-12-15,Mumbai Urban Basin,18.3509,73.5339,131.6,7.13,5.0,197.4,161437,64,290.59
FLD-2022-1244,2018-12-02,Chennai Coastal Belt,13.3645,80.9696,159.3,6.4,5.0,239.0,580104,232,1044.19
FLD-2023-1245,2022-07-22,Mahanadi Delta Odisha,20.1513,85.4816,154.7,8.36,5.0,232.0,418768,167,753.78
FLD-2024-1246,2019-04-01,Brahmaputra Basin Guwahati,26.1313,92.1582,180.8,9.0,5.0,271.2,283935,113,511.08
FLD-2025-1247,2020-02-13,Kerala Coastal Wayanad,10.1506,76.0409,83.4,6.39,5.0,125.1,286214,114,515.19
FLD-2018-1248,2019-12-07,Gangetic Plains Bihar,24.9298,84.9401,141.8,6.47,5.0,212.7,180941,72,325.69
FLD-2019-1249,2018-06-07,Mumbai Urban Basin,18.0831,71.4555,126.5,7.49,5.0,189.8,242195,96,435.95
FLD-2020-1250,2021-01-15,Chennai Coastal Belt,12.0135,80.6821,180.9,6.8,5.0,271.4,197770,79,355.99
FLD-2021-1251,2020-01-03,Mahanadi Delta Odisha,20.5598,86.1155,184.4,9.41,5.0,276.6,540675,216,973.21
FLD-2022-1252,2019-07-23,Brahmaputra Basin Guwahati,26.0706,91.5895,144.7,6.97,5.0,217.0,34866,13,62.76
FLD-2023-1253,2020-09-20,Kerala Coastal Wayanad,9.3251,76.521,118.7,7.07,5.0,178.1,152563,61,274.61
FLD-2024-1254,2019-03-17,Gangetic Plains Bihar,25.5258,85.35,118.5,5.83,5.0,177.8,278044,111,500.48
FLD-2025-1255,2020-11-28,Mumbai Urban Basin,19.2863,72.7412,100.9,6.89,5.0,151.4,353448,141,636.21
FLD-2018-1256,2024-05-05,Chennai Coastal Belt,12.8367,79.6838,172.5,8.72,5.0,258.8,239056,95,430.3
FLD-2019-1257,2021-12-04,Mahanadi Delta Odisha,19.9943,85.2086,138.4,7.18,5.0,207.6,323834,129,582.9
FLD-2020-1258,2018-07-21,Brahmaputra Basin Guwahati,25.2211,92.2756,104.5,6.29,5.0,156.8,338219,135,608.79
FLD-2021-1259,2022-02-25,Kerala Coastal Wayanad,9.3223,76.5625,250.6,9.12,5.0,375.9,655290,262,1179.52
FLD-2022-1260,2018-02-28,Gangetic Plains Bihar,26.5513,84.8243,90.5,6.52,5.0,135.8,364686,145,656.43
FLD-2023-1261,2019-04-16,Mumbai Urban Basin,18.9555,72.4556,129.7,8.06,5.0,194.5,94937,37,170.89
FLD-2024-1262,2022-09-08,Chennai Coastal Belt,12.3189,81.1027,192.3,9.54,5.0,288.5,213683,85,384.63
FLD-2025-1263,2018-01-29,Mahanadi Delta Odisha,21.413,85.68,104.8,7.46,5.0,157.2,401194,160,722.15
FLD-2018-1264,2021-04-27,Brahmaputra Basin Guwahati,25.9824,91.5795,147.0,7.12,5.0,220.5,161681,64,291.03
FLD-2019-1265,2021-09-14,Kerala Coastal Wayanad,9.1561,75.6374,157.4,8.47,5.0,236.1,623267,249,1121.88
FLD-2020-1266,2019-04-10,Gangetic Plains Bihar,25.0131,84.8416,124.9,7.39,5.0,187.4,488874,195,879.97
FLD-2021-1267,2022-07-30,Mumbai Urban Basin,19.0201,71.7541,113.8,6.12,5.0,170.7,449274,179,808.69
FLD-2022-1268,2022-06-11,Chennai Coastal Belt,12.8798,80.1172,135.1,7.59,5.0,202.6,342389,136,616.3
FLD-2023-1269,2021-05-28,Mahanadi Delta Odisha,20.0739,85.3775,161.3,8.76,5.0,242.0,171641,68,308.95
FLD-2024-1270,2018-03-22,Brahmaputra Basin Guwahati,26.1022,92.2293,97.1,6.54,5.0,145.6,77432,30,139.38
FLD-2025-1271,2018-11-03,Kerala Coastal Wayanad,10.0569,75.4577,172.6,6.15,5.0,258.9,714809,285,1286.66
FLD-2018-1272,2021-03-21,Gangetic Plains Bihar,26.273,85.0127,234.7,8.27,5.0,352.0,183581,73,330.45
FLD-2019-1273,2022-08-04,Mumbai Urban Basin,18.4687,72.5295,271.9,9.75,5.0,407.8,327193,130,588.95
FLD-2020-1274,2018-11-06,Chennai Coastal Belt,13.1407,80.3779,168.6,8.58,5.0,252.9,98381,39,177.09
FLD-2021-1275,2018-09-15,Mahanadi Delta Odisha,19.9803,85.6156,330.6,8.73,5.0,495.9,849707,339,1529.47
FLD-2022-1276,2020-06-20,Brahmaputra Basin Guwahati,26.296,92.6866,180.9,6.31,5.0,271.4,556457,222,1001.62
FLD-2023-1277,2023-06-16,Kerala Coastal Wayanad,10.6459,75.9587,98.3,6.31,5.0,147.4,404521,161,728.14
FLD-2024-1278,2019-12-23,Gangetic Plains Bihar,25.2515,85.0582,162.5,6.96,5.0,243.8,664543,265,1196.18
FLD-2025-1279,2021-02-02,Mumbai Urban Basin,19.0917,72.8224,225.8,7.55,5.0,338.7,657924,263,1184.26
FLD-2018-1280,2022-07-15,Chennai Coastal Belt,12.495,79.8931,321.8,8.77,5.0,482.7,197328,78,355.19
FLD-2019-1281,2019-06-09,Mahanadi Delta Odisha,20.0007,85.9108,162.1,6.29,5.0,243.1,132297,52,238.13
FLD-2020-1282,2021-10-30,Brahmaputra Basin Guwahati,25.9527,91.2645,295.0,7.53,5.0,442.5,608547,243,1095.38
FLD-2021-1283,2021-04-21,Kerala Coastal Wayanad,10.0635,75.7824,263.3,8.95,5.0,395.0,968000,387,1742.4
FLD-2022-1284,2021-02-17,Gangetic Plains Bihar,26.6389,84.7831,122.8,7.76,5.0,184.2,446683,178,804.03
FLD-2023-1285,2019-04-14,Mumbai Urban Basin,19.4458,72.6754,94.6,6.97,5.0,141.9,119226,47,214.61
FLD-2024-1286,2022-01-29,Chennai Coastal Belt,12.5264,79.7143,59.9,5.88,5.0,89.8,126887,50,228.4
FLD-2025-1287,2023-09-04,Mahanadi Delta Odisha,20.7776,85.7015,121.3,6.88,5.0,181.9,278359,111,501.05
FLD-2018-1288,2024-10-20,Brahmaputra Basin Guwahati,25.5959,91.7209,82.0,5.82,5.0,123.0,195722,78,352.3
FLD-2019-1289,2023-12-23,Kerala Coastal Wayanad,9.7438,77.1655,63.7,6.03,5.0,95.6,240058,96,432.1
FLD-2020-1290,2021-10-16,Gangetic Plains Bihar,24.5915,84.6495,111.0,5.77,5.0,166.5,109106,43,196.39
FLD-2021-1291,2022-03-05,Mumbai Urban Basin,19.0087,72.5919,103.7,7.06,5.0,155.6,338073,135,608.53
FLD-2022-1292,2021-10-27,Chennai Coastal Belt,13.1271,79.8854,98.5,5.96,5.0,147.8,355624,142,640.12
FLD-2023-1293,2021-12-30,Mahanadi Delta Odisha,20.6555,85.7598,192.0,7.91,5.0,288.0,788139,315,1418.65
FLD-2024-1294,2022-02-03,Brahmaputra Basin Guwahati,26.7672,91.3105,115.0,7.62,5.0,172.5,346477,138,623.66
FLD-2025-1295,2022-09-05,Kerala Coastal Wayanad,9.2641,76.2044,85.5,5.93,5.0,128.2,314395,125,565.91
FLD-2018-1296,2024-02-06,Gangetic Plains Bihar,26.1138,84.868,330.0,10.76,5.0,495.0,579435,231,1042.98
FLD-2019-1297,2023-10-14,Mumbai Urban Basin,19.8832,73.3331,163.9,7.1,5.0,245.9,50318,20,90.57
FLD-2020-1298,2019-10-21,Chennai Coastal Belt,12.975,79.5128,93.9,6.19,5.0,140.9,121708,48,219.07
FLD-2021-1299,2020-01-17,Mahanadi Delta Odisha,20.7302,85.7263,135.1,8.0,5.0,202.6,177441,70,319.39
FLD-2022-1300,2024-01-05,Brahmaputra Basin Guwahati,26.0127,91.7713,60.8,6.41,5.0,91.2,24697,9,44.45
FLD-2023-1301,2023-06-12,Kerala Coastal Wayanad,8.702,75.8605,108.5,6.56,5.0,162.8,334979,133,602.96
FLD-2024-1302,2021-11-29,Gangetic Plains Bihar,24.6626,84.8067,133.1,6.0,5.0,199.6,221935,88,399.48
FLD-2025-1303,2024-03-14,Mumbai Urban Basin,18.0365,72.0591,176.6,6.52,5.0,264.9,541163,216,974.09
FLD-2018-1304,2020-10-19,Chennai Coastal Belt,12.9023,79.9737,143.5,8.21,5.0,215.2,419260,167,754.67
FLD-2019-1305,2022-10-26,Mahanadi Delta Odisha,20.6094,85.793,115.5,7.51,5.0,173.2,396405,158,713.53
FLD-2020-1306,2021-08-13,Brahmaputra Basin Guwahati,26.5426,91.2815,74.0,6.43,5.0,111.0,283850,113,510.93
FLD-2021-1307,2021-06-22,Kerala Coastal Wayanad,10.0397,76.1096,139.2,7.11,5.0,208.8,422354,168,760.24
FLD-2022-1308,2021-10-13,Gangetic Plains Bihar,25.493,85.215,75.6,6.79,5.0,113.4,77937,31,140.29
FLD-2023-1309,2020-06-08,Mumbai Urban Basin,18.7529,72.059,130.4,7.52,5.0,195.6,213994,85,385.19
FLD-2024-1310,2021-03-03,Chennai Coastal Belt,12.2093,80.074,128.2,7.94,5.0,192.3,427016,170,768.63
FLD-2025-1311,2021-10-01,Mahanadi Delta Odisha,20.0379,85.0086,226.0,10.02,5.0,339.0,61428,24,110.57
FLD-2018-1312,2020-08-31,Brahmaputra Basin Guwahati,26.0145,93.3044,94.3,6.11,5.0,141.4,329257,131,592.66
FLD-2019-1313,2020-07-14,Kerala Coastal Wayanad,9.5234,76.1432,105.6,6.89,5.0,158.4,396581,158,713.85
FLD-2020-1314,2018-01-06,Gangetic Plains Bihar,26.2319,84.8646,213.2,8.72,5.0,319.8,476029,190,856.85
FLD-2021-1315,2019-01-31,Mumbai Urban Basin,19.0497,72.7965,76.1,6.61,5.0,114.1,33218,13,59.79
FLD-2022-1316,2018-01-15,Chennai Coastal Belt,12.9866,80.4042,196.1,7.52,5.0,294.1,197834,79,356.1
FLD-2023-1317,2018-06-18,Mahanadi Delta Odisha,20.4538,86.2991,175.2,8.49,5.0,262.8,319538,127,575.17
FLD-2024-1318,2019-05-19,Brahmaputra Basin Guwahati,27.1387,92.6438,81.9,6.96,5.0,122.9,149191,59,268.54
FLD-2025-1319,2018-06-24,Kerala Coastal Wayanad,9.3068,77.0225,149.9,6.47,5.0,224.9,370115,148,666.21
FLD-2018-1320,2020-11-12,Gangetic Plains Bihar,26.242,84.6408,102.5,6.38,5.0,153.8,194373,77,349.87
FLD-2019-1321,2020-11-27,Mumbai Urban Basin,18.3394,72.9253,320.1,11.58,5.0,480.2,515552,206,927.99
FLD-2020-1322,2023-12-11,Chennai Coastal Belt,12.4447,80.5268,162.5,6.94,5.0,243.8,92363,36,166.25
FLD-2021-1323,2020-07-27,Mahanadi Delta Odisha,20.1837,86.8929,119.9,6.87,5.0,179.9,97212,38,174.98
FLD-2022-1324,2020-08-24,Brahmaputra Basin Guwahati,26.4676,90.9471,219.1,7.49,5.0,328.6,394656,157,710.38
FLD-2023-1325,2018-07-10,Kerala Coastal Wayanad,9.7637,77.2051,67.6,5.47,5.0,101.4,151425,60,272.56
FLD-2024-1326,2022-01-02,Gangetic Plains Bihar,25.4654,85.3275,134.7,6.29,5.0,202.0,534878,213,962.78
FLD-2025-1327,2021-08-26,Mumbai Urban Basin,18.9553,72.4871,208.7,7.16,5.0,313.0,409955,163,737.92
FLD-2018-1328,2024-01-04,Chennai Coastal Belt,13.1931,80.1054,128.5,6.67,5.0,192.8,411335,164,740.4
FLD-2019-1329,2024-03-01,Mahanadi Delta Odisha,20.1382,85.0398,144.6,8.11,5.0,216.9,394089,157,709.36
FLD-2020-1330,2024-08-01,Brahmaputra Basin Guwahati,25.7267,91.134,94.9,6.03,5.0,142.4,289946,115,521.9
FLD-2021-1331,2020-04-15,Kerala Coastal Wayanad,9.9467,75.2345,119.8,7.48,5.0,179.7,41251,16,74.25
FLD-2022-1332,2022-05-10,Gangetic Plains Bihar,26.4232,84.6679,214.4,8.07,5.0,321.6,594459,237,1070.03
FLD-2023-1333,2021-06-02,Mumbai Urban Basin,18.9707,72.7485,109.5,7.25,5.0,164.2,240542,96,432.98
FLD-2024-1334,2023-04-19,Chennai Coastal Belt,13.2123,80.6025,322.8,11.2,5.0,484.2,945305,378,1701.55
FLD-2025-1335,2020-10-09,Mahanadi Delta Odisha,20.3064,86.3163,243.5,6.93,5.0,365.2,894990,357,1610.98
FLD-2018-1336,2020-03-07,Brahmaputra Basin Guwahati,25.86,91.7444,105.3,6.45,5.0,157.9,274154,109,493.48
FLD-2019-1337,2022-02-28,Kerala Coastal Wayanad,8.9804,75.8082,141.0,6.2,5.0,211.5,445883,178,802.59
FLD-2020-1338,2023-09-02,Gangetic Plains Bihar,25.1718,85.2429,144.5,8.41,5.0,216.8,317694,127,571.85
FLD-2021-1339,2021-10-11,Mumbai Urban Basin,18.7401,72.1642,64.4,6.17,5.0,96.6,145490,58,261.88
FLD-2022-1340,2023-10-28,Chennai Coastal Belt,14.202,80.12,120.1,7.31,5.0,180.1,215182,86,387.33
FLD-2023-1341,2021-08-28,Mahanadi Delta Odisha,19.8558,85.384,106.3,6.13,5.0,159.4,404770,161,728.59
FLD-2024-1342,2023-06-16,Brahmaputra Basin Guwahati,25.0707,91.7744,123.9,8.01,5.0,185.9,34574,13,62.23
FLD-2025-1343,2024-04-28,Kerala Coastal Wayanad,9.771,77.2044,108.4,7.41,5.0,162.6,267732,107,481.92
FLD-2018-1344,2019-12-27,Gangetic Plains Bihar,25.1441,85.9669,216.9,6.51,5.0,325.4,522522,209,940.54
FLD-2019-1345,2021-09-18,Mumbai Urban Basin,18.606,72.9056,74.3,6.37,5.0,111.4,113521,45,204.34
FLD-2020-1346,2024-05-06,Chennai Coastal Belt,12.9408,80.1264,183.4,6.3,5.0,275.1,674963,269,1214.93
FLD-2021-1347,2019-12-29,Mahanadi Delta Odisha,21.2132,85.918,113.0,6.78,5.0,169.5,122066,48,219.72
FLD-2022-1348,2021-07-10,Brahmaputra Basin Guwahati,25.6421,91.5857,133.3,7.25,5.0,200.0,377008,150,678.61
FLD-2023-1349,2018-04-11,Kerala Coastal Wayanad,9.9463,76.8214,140.6,7.79,5.0,210.9,203208,81,365.77
FLD-2024-1350,2021-08-03,Gangetic Plains Bihar,24.8709,85.5355,162.0,8.76,5.0,243.0,520540,208,936.97
FLD-2025-1351,2023-02-17,Mumbai Urban Basin,19.2474,71.993,129.9,6.36,5.0,194.9,384829,153,692.69
FLD-2018-1352,2021-10-12,Chennai Coastal Belt,13.4843,78.9735,68.1,6.54,5.0,102.1,178153,71,320.68
FLD-2019-1353,2020-10-02,Mahanadi Delta Odisha,19.7688,85.8845,76.5,6.5,5.0,114.8,160894,64,289.61
FLD-2020-1354,2023-09-06,Brahmaputra Basin Guwahati,27.1596,91.0375,188.3,9.3,5.0,282.5,587821,235,1058.08
FLD-2021-1355,2024-06-01,Kerala Coastal Wayanad,9.3914,75.9996,256.4,9.3,5.0,384.6,351191,140,632.14
FLD-2022-1356,2023-10-11,Gangetic Plains Bihar,25.9067,85.0837,189.3,7.26,5.0,284.0,214922,85,386.86
FLD-2023-1357,2022-09-26,Mumbai Urban Basin,18.5471,72.5667,190.5,6.4,5.0,285.8,215183,86,387.33
FLD-2024-1358,2021-11-11,Chennai Coastal Belt,13.11,80.2904,103.5,5.73,5.0,155.2,92773,37,166.99
FLD-2025-1359,2022-02-20,Mahanadi Delta Odisha,20.5971,86.6849,224.4,9.14,5.0,336.6,639792,255,1151.63
FLD-2018-1360,2020-09-01,Brahmaputra Basin Guwahati,26.6579,91.2907,98.1,6.66,5.0,147.1,117681,47,211.83
FLD-2019-1361,2024-03-13,Kerala Coastal Wayanad,9.2718,75.6494,181.7,9.08,5.0,272.5,327556,131,589.6
FLD-2020-1362,2021-12-01,Gangetic Plains Bihar,25.2248,84.019,162.1,8.54,5.0,243.1,430802,172,775.44
FLD-2021-1363,2023-07-28,Mumbai Urban Basin,18.4476,72.1956,104.6,6.6,5.0,156.9,228930,91,412.07
FLD-2022-1364,2024-01-26,Chennai Coastal Belt,13.7862,79.4509,147.0,8.15,5.0,220.5,335361,134,603.65
FLD-2023-1365,2019-04-09,Mahanadi Delta Odisha,20.0926,86.2458,88.7,6.73,5.0,133.1,75407,30,135.73
FLD-2024-1366,2020-08-06,Brahmaputra Basin Guwahati,25.5568,91.9508,95.5,5.72,5.0,143.2,392339,156,706.21
FLD-2025-1367,2019-07-03,Kerala Coastal Wayanad,10.5058,75.7619,190.7,8.46,5.0,286.0,312758,125,562.96
FLD-2018-1368,2022-12-12,Gangetic Plains Bihar,26.8527,84.8742,289.0,7.97,5.0,433.5,413788,165,744.82
FLD-2019-1369,2023-10-13,Mumbai Urban Basin,18.8684,73.1896,176.3,9.18,5.0,264.5,378648,151,681.57
FLD-2020-1370,2022-01-21,Chennai Coastal Belt,12.4647,79.4986,214.2,9.85,5.0,321.3,343571,137,618.43
FLD-2021-1371,2021-02-03,Mahanadi Delta Odisha,21.1232,85.4829,213.9,6.92,5.0,320.9,340073,136,612.13
FLD-2022-1372,2019-11-10,Brahmaputra Basin Guwahati,25.2276,91.1723,116.0,7.5,5.0,174.0,330045,132,594.08
FLD-2023-1373,2018-10-08,Kerala Coastal Wayanad,10.0059,76.3843,62.2,5.77,5.0,93.3,43987,17,79.18
FLD-2024-1374,2023-07-11,Gangetic Plains Bihar,25.8597,85.5208,198.1,7.03,5.0,297.1,153228,61,275.81
FLD-2025-1375,2022-01-15,Mumbai Urban Basin,19.0933,72.3501,121.8,7.23,5.0,182.7,194677,77,350.42
FLD-2018-1376,2020-04-19,Chennai Coastal Belt,13.7036,80.3161,138.1,7.82,5.0,207.1,500508,200,900.91
FLD-2019-1377,2020-07-04,Mahanadi Delta Odisha,20.1185,86.3477,128.6,6.15,5.0,192.9,98254,39,176.86
FLD-2020-1378,2022-10-05,Brahmaputra Basin Guwahati,26.6872,92.2938,216.5,8.17,5.0,324.8,141670,56,255.01
FLD-2021-1379,2024-06-17,Kerala Coastal Wayanad,9.889,76.2327,257.7,8.6,5.0,386.5,408334,163,735.0
FLD-2022-1380,2023-02-11,Gangetic Plains Bihar,25.6082,84.6065,54.7,5.97,5.0,82.1,174360,69,313.85
FLD-2023-1381,2022-07-26,Mumbai Urban Basin,19.2155,72.3634,189.2,7.62,5.0,283.8,106416,42,191.55
FLD-2024-1382,2021-02-17,Chennai Coastal Belt,13.8737,79.1961,75.8,6.52,5.0,113.7,103601,41,186.48
FLD-2025-1383,2024-07-05,Mahanadi Delta Odisha,20.1807,85.5819,207.0,6.94,5.0,310.5,226688,90,408.04
FLD-2018-1384,2022-02-18,Brahmaputra Basin Guwahati,25.9079,91.3189,372.9,11.84,5.0,559.3,532462,212,958.43
FLD-2019-1385,2024-10-22,Kerala Coastal Wayanad,10.1095,76.4184,86.9,5.82,5.0,130.4,22824,9,41.08
FLD-2020-1386,2018-01-31,Gangetic Plains Bihar,25.0334,85.3881,356.8,11.93,5.0,535.2,121480,48,218.66
FLD-2021-1387,2024-03-27,Mumbai Urban Basin,18.9455,72.405,178.8,7.53,5.0,268.2,205823,82,370.48
FLD-2022-1388,2022-04-21,Chennai Coastal Belt,13.348,79.3639,160.7,7.76,5.0,241.0,51473,20,92.65
FLD-2023-1389,2019-11-20,Mahanadi Delta Odisha,20.363,86.5577,215.4,7.66,5.0,323.1,861323,344,1550.38
FLD-2024-1390,2018-11-27,Brahmaputra Basin Guwahati,25.8604,92.2261,77.6,5.78,5.0,116.4,309274,123,556.69
FLD-2025-1391,2022-01-13,Kerala Coastal Wayanad,9.499,76.7899,115.8,6.58,5.0,173.7,190081,76,342.15
FLD-2018-1392,2019-04-12,Gangetic Plains Bihar,25.7235,84.5374,83.9,6.97,5.0,125.9,72882,29,131.19
FLD-2019-1393,2020-04-11,Mumbai Urban Basin,19.2807,73.3771,85.8,6.73,5.0,128.7,122599,49,220.68
FLD-2020-1394,2023-08-18,Chennai Coastal Belt,13.8144,79.7721,69.3,5.55,5.0,103.9,249681,99,449.43
FLD-2021-1395,2019-11-08,Mahanadi Delta Odisha,20.6275,86.3456,130.0,8.01,5.0,195.0,163594,65,294.47
FLD-2022-1396,2018-12-01,Brahmaputra Basin Guwahati,26.7376,92.937,149.3,6.13,5.0,224.0,118949,47,214.11
FLD-2023-1397,2023-02-21,Kerala Coastal Wayanad,9.3761,76.3921,187.5,6.56,5.0,281.2,757987,303,1364.38
FLD-2024-1398,2018-05-31,Gangetic Plains Bihar,25.8751,84.9193,146.7,7.02,5.0,220.0,443477,177,798.26
FLD-2025-1399,2020-12-16,Mumbai Urban Basin,19.2781,71.3386,82.0,5.76,5.0,123.0,50026,20,90.05
FLD-2018-1400,2022-12-27,Chennai Coastal Belt,12.9514,81.1376,94.4,6.08,5.0,141.6,117841,47,212.11
FLD-2019-1401,2020-03-17,Mahanadi Delta Odisha,20.3203,86.6722,176.6,8.41,5.0,264.9,541030,216,973.85
FLD-2020-1402,2022-04-18,Brahmaputra Basin Guwahati,26.0441,91.4737,81.2,5.73,5.0,121.8,297901,119,536.22
FLD-2021-1403,2023-05-14,Kerala Coastal Wayanad,9.7358,76.3316,86.5,6.23,5.0,129.8,77978,31,140.36
FLD-2022-1404,2024-11-04,Gangetic Plains Bihar,26.0809,85.5105,140.2,6.6,5.0,210.3,569959,227,1025.93
FLD-2023-1405,2018-12-05,Mumbai Urban Basin,17.9502,72.7685,166.3,6.15,5.0,249.5,220250,88,396.45
FLD-2024-1406,2022-02-20,Chennai Coastal Belt,13.1036,80.0804,245.9,8.35,5.0,368.9,808265,323,1454.88
FLD-2025-1407,2021-03-11,Mahanadi Delta Odisha,19.6588,85.9204,114.6,7.28,5.0,171.9,178311,71,320.96
FLD-2018-1408,2020-06-30,Brahmaputra Basin Guwahati,25.1227,91.5448,193.3,9.69,5.0,290.0,716168,286,1289.1
FLD-2019-1409,2019-08-02,Kerala Coastal Wayanad,10.1703,75.872,226.3,6.93,5.0,339.5,622538,249,1120.57
FLD-2020-1410,2024-09-13,Gangetic Plains Bihar,24.2181,85.9095,79.3,6.1,5.0,118.9,255747,102,460.34
FLD-2021-1411,2020-12-19,Mumbai Urban Basin,18.8567,73.6003,112.5,6.49,5.0,168.8,42481,16,76.47
FLD-2022-1412,2021-09-16,Chennai Coastal Belt,13.1488,80.6086,183.0,7.56,5.0,274.5,278699,111,501.66
FLD-2023-1413,2023-11-08,Mahanadi Delta Odisha,20.5335,86.1279,284.7,8.47,5.0,427.0,844184,337,1519.53
FLD-2024-1414,2022-12-17,Brahmaputra Basin Guwahati,25.9179,92.7125,194.9,6.38,5.0,292.4,617543,247,1111.58
FLD-2025-1415,2020-01-24,Kerala Coastal Wayanad,9.7094,75.4365,112.8,6.11,5.0,169.2,323102,129,581.58
FLD-2018-1416,2018-03-27,Gangetic Plains Bihar,25.0162,85.5054,197.8,7.48,5.0,296.7,502039,200,903.67
FLD-2019-1417,2021-06-11,Mumbai Urban Basin,18.7546,72.1969,281.5,7.93,5.0,422.2,728726,291,1311.71
FLD-2020-1418,2021-12-31,Chennai Coastal Belt,12.2889,79.7872,95.0,5.97,5.0,142.5,236883,94,426.39
FLD-2021-1419,2022-05-13,Mahanadi Delta Odisha,20.1246,85.0278,85.6,6.39,5.0,128.4,116609,46,209.9
FLD-2022-1420,2021-05-06,Brahmaputra Basin Guwahati,26.7214,92.5089,112.2,6.0,5.0,168.3,279760,111,503.57
FLD-2023-1421,2019-02-16,Kerala Coastal Wayanad,9.6628,76.6169,179.6,7.83,5.0,269.4,320212,128,576.38
FLD-2024-1422,2022-12-17,Gangetic Plains Bihar,26.3101,85.3961,98.5,6.33,5.0,147.8,38631,15,69.54
FLD-2025-1423,2018-06-25,Mumbai Urban Basin,19.3598,73.1846,106.8,5.82,5.0,160.2,308119,123,554.61
FLD-2018-1424,2019-12-13,Chennai Coastal Belt,12.1674,79.1991,125.0,7.87,5.0,187.5,164219,65,295.59
FLD-2019-1425,2022-12-07,Mahanadi Delta Odisha,20.0684,86.211,108.1,6.94,5.0,162.1,153673,61,276.61
FLD-2020-1426,2018-08-02,Brahmaputra Basin Guwahati,26.5966,91.9339,108.9,6.62,5.0,163.4,225583,90,406.05
FLD-2021-1427,2024-03-08,Kerala Coastal Wayanad,9.9294,75.7342,96.1,5.93,5.0,144.1,277414,110,499.35
FLD-2022-1428,2022-10-05,Gangetic Plains Bihar,25.2372,84.56,127.7,7.2,5.0,191.6,393668,157,708.6
FLD-2023-1429,2020-01-31,Mumbai Urban Basin,19.1539,72.9694,126.2,6.69,5.0,189.3,230105,92,414.19
FLD-2024-1430,2022-06-25,Chennai Coastal Belt,11.9958,80.4845,169.1,7.1,5.0,253.6,665141,266,1197.25
FLD-2025-1431,2024-08-12,Mahanadi Delta Odisha,19.6569,85.4582,109.4,6.83,5.0,164.1,132759,53,238.97
FLD-2018-1432,2018-10-15,Brahmaputra Basin Guwahati,26.007,92.2351,161.4,7.89,5.0,242.1,166391,66,299.5
FLD-2019-1433,2024-03-10,Kerala Coastal Wayanad,9.4922,76.1236,160.4,8.09,5.0,240.6,340267,136,612.48
FLD-2020-1434,2020-12-24,Gangetic Plains Bihar,25.8604,84.8964,92.8,6.13,5.0,139.2,150034,60,270.06
FLD-2021-1435,2022-05-04,Mumbai Urban Basin,18.4618,73.2295,231.8,7.76,5.0,347.7,186240,74,335.23
FLD-2022-1436,2018-12-27,Chennai Coastal Belt,12.8168,80.2884,134.6,8.17,5.0,201.9,447847,179,806.12
FLD-2023-1437,2021-10-24,Mahanadi Delta Odisha,19.9067,85.3057,328.9,12.73,5.0,493.3,833145,333,1499.66
FLD-2024-1438,2023-08-08,Brahmaputra Basin Guwahati,26.0273,91.8737,87.5,5.63,5.0,131.2,259687,103,467.44
FLD-2025-1439,2023-05-08,Kerala Coastal Wayanad,9.8264,76.0888,171.1,7.55,5.0,256.6,161826,64,291.29
FLD-2018-1440,2018-07-31,Gangetic Plains Bihar,25.4589,85.6254,81.4,6.8,5.0,122.1,178609,71,321.5
FLD-2019-1441,2024-10-09,Mumbai Urban Basin,18.8213,72.7204,87.5,6.51,5.0,131.2,22515,9,40.53
FLD-2020-1442,2019-09-15,Chennai Coastal Belt,13.3335,79.4275,114.1,7.63,5.0,171.1,171996,68,309.59
FLD-2021-1443,2019-01-22,Mahanadi Delta Odisha,20.5483,85.7469,114.6,6.16,5.0,171.9,138278,55,248.9
FLD-2022-1444,2023-09-28,Brahmaputra Basin Guwahati,25.8186,92.5023,182.1,9.18,5.0,273.1,181259,72,326.27
FLD-2023-1445,2024-05-09,Kerala Coastal Wayanad,9.5813,76.3769,175.7,7.37,5.0,263.5,306969,122,552.54
FLD-2024-1446,2023-01-19,Gangetic Plains Bihar,24.9318,84.5623,76.6,6.0,5.0,114.9,69888,27,125.8
FLD-2025-1447,2019-02-03,Mumbai Urban Basin,20.0106,73.3836,256.7,7.87,5.0,385.0,806750,322,1452.15
FLD-2018-1448,2022-09-18,Chennai Coastal Belt,12.8119,79.3553,219.8,9.78,5.0,329.7,219763,87,395.57
FLD-2019-1449,2023-10-27,Mahanadi Delta Odisha,20.2652,85.8991,386.7,8.4,5.0,580.0,244056,97,439.3
FLD-2020-1450,2021-09-20,Brahmaputra Basin Guwahati,25.2497,91.3326,122.7,6.97,5.0,184.1,399957,159,719.92
FLD-2021-1451,2019-11-11,Kerala Coastal Wayanad,10.2329,76.0199,67.7,5.55,5.0,101.6,43113,17,77.6
FLD-2022-1452,2021-06-23,Gangetic Plains Bihar,24.9066,85.0442,143.5,8.04,5.0,215.2,538433,215,969.18
FLD-2023-1453,2020-11-23,Mumbai Urban Basin,19.0229,71.8829,94.4,5.8,5.0,141.6,381442,152,686.6
FLD-2024-1454,2024-10-17,Chennai Coastal Belt,13.4212,81.2342,99.9,6.36,5.0,149.9,92921,37,167.26
FLD-2025-1455,2024-02-18,Mahanadi Delta Odisha,21.2377,85.6652,137.3,8.32,5.0,206.0,263317,105,473.97
FLD-2018-1456,2019-10-11,Brahmaputra Basin Guwahati,26.3972,91.5585,114.0,7.03,5.0,171.0,153455,61,276.22
FLD-2019-1457,2023-12-04,Kerala Coastal Wayanad,10.1561,76.2994,162.7,7.95,5.0,244.0,177881,71,320.19
FLD-2020-1458,2020-02-22,Gangetic Plains Bihar,25.1517,85.3867,247.2,10.29,5.0,370.8,468328,187,842.99
FLD-2021-1459,2018-11-04,Mumbai Urban Basin,19.3624,72.6761,125.7,7.83,5.0,188.6,154451,61,278.01
FLD-2022-1460,2019-11-14,Chennai Coastal Belt,13.3226,80.2536,198.7,9.15,5.0,298.0,477328,190,859.19
FLD-2023-1461,2022-04-06,Mahanadi Delta Odisha,20.9578,85.4742,137.3,6.58,5.0,206.0,200607,80,361.09
FLD-2024-1462,2019-11-04,Brahmaputra Basin Guwahati,26.2704,92.0719,168.9,8.78,5.0,253.4,367226,146,661.01
FLD-2025-1463,2020-07-13,Kerala Coastal Wayanad,8.8842,77.39,136.5,8.17,5.0,204.8,432779,173,779.0
FLD-2018-1464,2019-06-12,Gangetic Plains Bihar,24.8915,85.8276,160.4,8.03,5.0,240.6,175843,70,316.52
FLD-2019-1465,2022-03-31,Mumbai Urban Basin,18.6284,72.8596,97.6,5.84,5.0,146.4,395945,158,712.7
FLD-2020-1466,2018-01-24,Chennai Coastal Belt,13.137,80.0158,80.2,6.45,5.0,120.3,244149,97,439.47
FLD-2021-1467,2018-07-27,Mahanadi Delta Odisha,20.0739,85.7584,236.3,8.36,5.0,354.5,96951,38,174.51
FLD-2022-1468,2018-02-06,Brahmaputra Basin Guwahati,26.9596,91.9688,126.2,7.02,5.0,189.3,460539,184,828.97
FLD-2023-1469,2022-08-10,Kerala Coastal Wayanad,10.5084,76.1327,140.0,6.96,5.0,210.0,101702,40,183.06
FLD-2024-1470,2020-09-17,Gangetic Plains Bihar,25.4436,84.7106,78.4,6.65,5.0,117.6,156552,62,281.79
FLD-2025-1471,2021-12-07,Mumbai Urban Basin,19.1887,72.676,108.5,6.02,5.0,162.8,420221,168,756.4
FLD-2018-1472,2021-06-19,Chennai Coastal Belt,13.4977,80.4878,117.5,7.28,5.0,176.2,337050,134,606.69
FLD-2019-1473,2022-08-20,Mahanadi Delta Odisha,20.1686,85.5293,127.6,7.39,5.0,191.4,516449,206,929.61
FLD-2020-1474,2018-01-30,Brahmaputra Basin Guwahati,25.9854,90.6965,171.0,6.6,5.0,256.5,186677,74,336.02
FLD-2021-1475,2024-01-19,Kerala Coastal Wayanad,10.2527,75.6233,254.7,11.0,5.0,382.0,770490,308,1386.88
FLD-2022-1476,2023-11-04,Gangetic Plains Bihar,25.7424,85.5099,147.2,6.93,5.0,220.8,493369,197,888.06
FLD-2023-1477,2023-09-19,Mumbai Urban Basin,19.1243,72.7144,129.6,6.19,5.0,194.4,451494,180,812.69
FLD-2024-1478,2020-11-07,Chennai Coastal Belt,13.6853,81.1562,64.8,5.95,5.0,97.2,87806,35,158.05
FLD-2025-1479,2020-06-15,Mahanadi Delta Odisha,20.2368,86.0185,187.0,9.03,5.0,280.5,775166,310,1395.3
FLD-2018-1480,2024-10-03,Brahmaputra Basin Guwahati,25.971,92.3372,89.3,6.15,5.0,133.9,261319,104,470.37
FLD-2019-1481,2019-04-09,Kerala Coastal Wayanad,10.3631,75.7072,92.7,6.44,5.0,139.1,86487,34,155.68
FLD-2020-1482,2023-05-15,Gangetic Plains Bihar,25.7236,85.5433,72.5,6.77,5.0,108.8,79349,31,142.83
FLD-2021-1483,2022-12-11,Mumbai Urban Basin,18.5379,72.7655,124.4,7.93,5.0,186.6,195725,78,352.31
FLD-2022-1484,2019-08-24,Chennai Coastal Belt,12.7943,79.9261,98.7,6.6,5.0,148.1,55079,22,99.14
FLD-2023-1485,2023-08-05,Mahanadi Delta Odisha,19.884,85.7156,146.3,6.71,5.0,219.5,303851,121,546.93
FLD-2024-1486,2024-07-07,Brahmaputra Basin Guwahati,26.1345,91.6337,218.1,8.67,5.0,327.1,799222,319,1438.6
FLD-2025-1487,2022-07-26,Kerala Coastal Wayanad,9.2438,75.4372,295.5,8.98,5.0,443.2,1237277,494,2227.1
FLD-2018-1488,2024-01-19,Gangetic Plains Bihar,25.9453,85.7649,66.6,5.58,5.0,99.9,123810,49,222.86
FLD-2019-1489,2023-06-17,Mumbai Urban Basin,18.7824,72.1426,146.4,6.79,5.0,219.6,46026,18,82.85
FLD-2020-1490,2023-06-27,Chennai Coastal Belt,12.7623,80.3224,226.8,7.04,5.0,340.2,420288,168,756.52
FLD-2021-1491,2023-06-03,Mahanadi Delta Odisha,20.6898,85.9426,102.0,7.19,5.0,153.0,201396,80,362.51
FLD-2022-1492,2018-10-31,Brahmaputra Basin Guwahati,26.5223,91.4877,158.0,6.17,5.0,237.0,592785,237,1067.01
FLD-2023-1493,2018-06-24,Kerala Coastal Wayanad,10.6698,75.9862,177.8,7.24,5.0,266.7,683193,273,1229.75
FLD-2024-1494,2020-12-10,Gangetic Plains Bihar,25.6647,86.0706,138.7,7.32,5.0,208.0,384493,153,692.09
FLD-2025-1495,2020-04-27,Mumbai Urban Basin,19.987,72.4805,172.7,7.73,5.0,259.0,116918,46,210.45
FLD-2018-1496,2022-03-21,Chennai Coastal Belt,13.1603,79.8201,98.3,6.19,5.0,147.4,40127,16,72.23
FLD-2019-1497,2019-09-12,Mahanadi Delta Odisha,20.2144,85.2555,98.6,6.89,5.0,147.9,283917,113,511.05
FLD-2020-1498,2021-10-11,Brahmaputra Basin Guwahati,25.593,90.8717,285.6,11.06,5.0,428.4,1190468,476,2142.84
FLD-2021-1499,2024-02-22,Kerala Coastal Wayanad,9.8373,75.5314,115.6,6.04,5.0,173.4,384897,153,692.81
FLD-2022-1500,2020-07-22,Gangetic Plains Bihar,25.8242,84.589,88.4,7.0,5.0,132.6,61398,24,110.52
FLD-2023-1501,2023-07-29,Mumbai Urban Basin,18.7755,72.5969,139.0,6.47,5.0,208.5,347362,138,625.25
FLD-2024-1502,2018-07-02,Chennai Coastal Belt,12.1926,80.1264,92.3,7.11,5.0,138.4,321106,128,577.99
FLD-2025-1503,2020-04-21,Mahanadi Delta Odisha,19.9141,85.1649,130.1,7.65,5.0,195.1,305926,122,550.67
FLD-2018-1504,2022-08-16,Brahmaputra Basin Guwahati,25.8132,91.7967,91.9,5.77,5.0,137.9,57612,23,103.7
FLD-2019-1505,2020-11-04,Kerala Coastal Wayanad,9.3353,77.2024,197.3,8.51,5.0,296.0,683390,273,1230.1
FLD-2020-1506,2022-06-06,Gangetic Plains Bihar,24.3202,85.4046,115.6,7.33,5.0,173.4,82678,33,148.82
FLD-2021-1507,2020-06-12,Mumbai Urban Basin,17.9193,73.0413,176.4,6.22,5.0,264.6,377274,150,679.09
FLD-2022-1508,2021-08-01,Chennai Coastal Belt,13.3738,80.2889,135.1,7.79,5.0,202.6,368800,147,663.84
FLD-2023-1509,2019-02-03,Mahanadi Delta Odisha,19.5739,85.2989,213.3,9.47,5.0,320.0,283449,113,510.21
FLD-2024-1510,2018-12-06,Brahmaputra Basin Guwahati,26.3144,91.1832,129.0,8.06,5.0,193.5,183127,73,329.63
FLD-2025-1511,2020-02-24,Kerala Coastal Wayanad,8.8676,76.8109,112.3,6.75,5.0,168.4,134039,53,241.27
FLD-2018-1512,2020-02-20,Gangetic Plains Bihar,25.6786,84.4129,47.3,6.0,5.0,70.9,29325,11,52.78
FLD-2019-1513,2023-10-24,Mumbai Urban Basin,19.2527,72.7459,116.6,7.55,5.0,174.9,121787,48,219.22
FLD-2020-1514,2024-03-19,Chennai Coastal Belt,12.8932,80.3689,155.3,6.31,5.0,233.0,219323,87,394.78
FLD-2021-1515,2019-06-03,Mahanadi Delta Odisha,20.3857,85.5994,185.2,6.49,5.0,277.8,367145,146,660.86
FLD-2022-1516,2021-10-21,Brahmaputra Basin Guwahati,25.5652,92.359,103.7,6.99,5.0,155.6,401000,160,721.8
FLD-2023-1517,2023-05-18,Kerala Coastal Wayanad,9.4798,75.9007,193.0,6.88,5.0,289.5,150366,60,270.66
FLD-2024-1518,2022-05-08,Gangetic Plains Bihar,25.1832,85.3355,91.5,5.8,5.0,137.2,323508,129,582.31
FLD-2025-1519,2019-10-29,Mumbai Urban Basin,19.2288,73.244,134.2,8.2,5.0,201.3,196823,78,354.28
