Tsunami_Event_ID,Event_Date,Coastal_Location,Latitude,Longitude,Trigger_Earthquake_Mag,Max_Wave_Height_m,Inundation_Distance_km,Casualties,Economic_Loss_Millions
TSU-2018-1000,2024-03-13,Coastal Zone-1,-7.3879,118.7384,8.7,7.0,14.9,1555,348.63
TSU-2019-1001,2019-12-02,Coastal Zone-2,30.3289,77.6151,7.6,12.6,8.8,6762,1807.71
TSU-2020-1002,2019-01-14,Coastal Zone-3,-9.8863,77.0806,7.7,4.1,9.9,408,77.96
TSU-2021-1003,2018-11-02,Coastal Zone-4,8.6349,112.9797,7.4,2.8,7.0,157,26.8
TSU-2022-1004,2022-06-19,Coastal Zone-5,25.6927,112.0319,6.7,2.3,5.5,96,15.45
TSU-2023-1005,2022-01-30,Coastal Zone-6,9.0772,108.9637,7.9,7.2,10.2,1669,377.24
TSU-2024-1006,2018-06-08,Coastal Zone-7,10.4755,80.4746,9.0,2.2,2.3,86,13.64
TSU-2025-1007,2021-10-13,Coastal Zone-8,-6.2244,106.1657,7.4,3.4,5.3,255,46.16
TSU-2018-1008,2022-05-16,Coastal Zone-9,26.0146,113.7163,7.4,1.6,1.5,38,5.59
TSU-2019-1009,2018-09-04,Coastal Zone-10,13.404,98.0489,8.1,11.7,10.0,5618,1468.97
TSU-2020-1010,2018-10-14,Coastal Zone-1,9.1478,74.3256,9.1,5.1,4.3,704,143.64
TSU-2021-1011,2019-04-08,Coastal Zone-2,14.9101,133.5086,8.8,1.5,2.3,33,4.67
TSU-2022-1012,2021-01-16,Coastal Zone-3,11.9853,77.9757,7.3,8.5,10.0,2527,600.43
TSU-2023-1013,2024-04-10,Coastal Zone-4,-3.6625,76.992,7.6,0.9,1.3,9,1.12
TSU-2024-1014,2023-06-22,Coastal Zone-5,12.221,131.1799,8.9,11.1,5.8,4925,1267.64
TSU-2025-1015,2021-04-18,Coastal Zone-6,-3.4016,133.6028,8.3,6.7,11.1,1394,308.39
TSU-2018-1016,2019-07-04,Coastal Zone-7,14.8736,137.7353,8.8,3.8,2.8,337,63.02
TSU-2019-1017,2022-05-01,Coastal Zone-8,32.3882,117.6879,8.2,10.7,10.7,4494,1143.84
TSU-2020-1018,2021-02-16,Coastal Zone-9,9.8241,106.3617,7.7,8.4,17.7,2454,580.86
TSU-2021-1019,2021-11-05,Coastal Zone-10,14.0174,93.6936,7.0,10.3,6.3,4085,1028.1
TSU-2022-1020,2023-03-12,Coastal Zone-1,30.5659,119.3803,7.1,8.4,15.7,2454,580.86
TSU-2023-1021,2023-11-26,Coastal Zone-2,27.3271,118.6853,6.8,1.7,1.0,45,6.63
TSU-2024-1022,2018-04-12,Coastal Zone-3,3.1548,99.4532,8.9,5.8,14.2,972,205.92
TSU-2025-1023,2021-07-04,Coastal Zone-4,34.9189,70.2453,7.1,3.5,6.1,275,50.06
TSU-2018-1024,2019-05-17,Coastal Zone-5,-4.8879,130.7704,8.4,1.5,2.6,33,4.67
TSU-2019-1025,2019-05-03,Coastal Zone-6,-7.1898,72.4612,6.8,6.6,10.1,1342,295.67
TSU-2020-1026,2024-02-06,Coastal Zone-7,28.2778,75.3671,6.8,2.6,6.0,130,21.78
TSU-2021-1027,2021-07-07,Coastal Zone-8,-8.8905,133.6085,9.0,2.6,3.3,130,21.78
TSU-2022-1028,2019-02-08,Coastal Zone-9,34.5429,103.7576,8.6,4.8,8.3,605,121.22
TSU-2023-1029,2023-07-23,Coastal Zone-10,6.5905,70.7063,7.0,5.6,11.1,890,186.65
TSU-2024-1030,2023-11-25,Coastal Zone-1,28.1171,107.8046,8.1,1.7,4.2,45,6.63
TSU-2025-1031,2019-08-09,Coastal Zone-2,15.1982,114.1973,6.8,3.5,7.9,275,50.06
TSU-2018-1032,2024-07-30,Coastal Zone-3,1.7127,103.2904,7.2,1.4,1.6,27,3.85
TSU-2019-1033,2019-01-27,Coastal Zone-4,14.1801,101.0901,9.1,9.2,16.4,3080,749.37
TSU-2020-1034,2023-12-16,Coastal Zone-5,-0.6542,133.8254,6.9,6.3,13.7,1195,259.56
TSU-2021-1035,2018-10-19,Coastal Zone-6,13.3242,134.9347,6.6,3.2,3.4,219,38.95
TSU-2022-1036,2024-03-30,Coastal Zone-7,15.9834,99.2475,8.4,5.0,4.0,670,135.9
TSU-2023-1037,2022-03-09,Coastal Zone-8,6.274,112.0963,7.6,9.5,17.6,3338,819.82
TSU-2024-1038,2020-10-22,Coastal Zone-9,29.7176,136.1107,9.1,15.5,16.2,11350,3228.64
TSU-2025-1039,2021-04-14,Coastal Zone-10,19.4102,128.756,8.4,4.5,6.6,515,101.18
TSU-2018-1040,2023-02-13,Coastal Zone-1,27.0615,95.0769,8.1,4.9,9.9,637,128.42
TSU-2019-1041,2020-08-07,Coastal Zone-2,6.024,81.8888,7.3,4.2,3.8,433,83.4
TSU-2020-1042,2024-02-25,Coastal Zone-3,24.48,96.2495,6.5,3.5,7.6,275,50.06
TSU-2021-1043,2022-08-01,Coastal Zone-4,32.6103,72.2445,8.5,4.3,6.3,460,89.08
TSU-2022-1044,2019-07-13,Coastal Zone-5,33.146,84.4212,6.7,3.6,2.1,295,54.17
TSU-2023-1045,2021-05-26,Coastal Zone-6,-5.2777,71.5643,8.3,5.5,5.0,851,177.46
TSU-2024-1046,2018-04-17,Coastal Zone-7,15.8261,71.9022,8.3,1.8,3.5,52,7.78
TSU-2025-1047,2019-05-27,Coastal Zone-8,-7.0079,136.7133,8.5,2.6,1.9,130,21.78
TSU-2018-1048,2024-01-29,Coastal Zone-9,-2.8317,96.0531,8.7,1.5,3.5,33,4.67
TSU-2019-1049,2018-01-07,Coastal Zone-10,-9.9157,94.5454,8.0,4.1,3.2,408,77.96
TSU-2020-1050,2022-06-16,Coastal Zone-1,-0.7478,108.0976,9.0,4.2,6.6,433,83.4
TSU-2021-1051,2023-01-20,Coastal Zone-2,16.4741,109.3229,7.3,8.7,18.1,2679,640.83
TSU-2022-1052,2019-06-18,Coastal Zone-3,24.0867,99.344,6.8,6.4,9.2,1243,271.27
TSU-2023-1053,2021-12-25,Coastal Zone-4,15.774,130.7575,7.6,4.0,5.4,384,72.75
TSU-2024-1054,2020-12-24,Coastal Zone-5,9.3978,91.4006,8.7,6.7,8.7,1394,308.39
TSU-2025-1055,2024-01-23,Coastal Zone-6,28.2489,139.7194,7.9,0.9,0.5,9,1.12
TSU-2018-1056,2020-11-03,Coastal Zone-7,3.7885,105.0605,7.1,5.0,7.9,670,135.9
TSU-2019-1057,2020-09-05,Coastal Zone-8,28.4901,117.2601,7.7,3.4,1.9,255,46.16
TSU-2020-1058,2020-01-24,Coastal Zone-9,32.329,123.3079,6.8,3.4,3.3,255,46.16
TSU-2021-1059,2021-03-03,Coastal Zone-10,30.3742,100.7134,7.2,3.3,2.4,237,42.46
TSU-2022-1060,2020-01-10,Coastal Zone-1,17.1435,80.1978,7.7,1.5,1.4,33,4.67
TSU-2023-1061,2021-02-20,Coastal Zone-2,33.8796,137.3595,8.5,3.7,7.0,315,58.49
TSU-2024-1062,2024-09-05,Coastal Zone-3,9.6321,114.2866,7.9,4.0,4.2,384,72.75
TSU-2025-1063,2020-08-09,Coastal Zone-4,9.8612,93.7048,7.4,2.3,1.6,96,15.45
TSU-2018-1064,2018-01-31,Coastal Zone-5,-4.2066,72.4083,7.0,2.8,2.5,157,26.8
TSU-2019-1065,2023-11-06,Coastal Zone-6,1.1783,117.9357,8.2,5.3,7.2,776,159.98
TSU-2020-1066,2023-04-02,Coastal Zone-7,8.8373,129.5135,6.9,1.7,2.9,45,6.63
TSU-2021-1067,2021-08-20,Coastal Zone-8,28.4307,124.0085,9.1,5.2,8.4,739,151.67
TSU-2022-1068,2024-08-28,Coastal Zone-9,-9.0042,109.5392,9.1,3.0,4.2,187,32.51
TSU-2023-1069,2021-03-22,Coastal Zone-10,18.717,74.3698,7.3,7.3,15.9,1727,392.1
TSU-2024-1070,2022-03-20,Coastal Zone-1,-0.3948,107.5501,8.2,5.5,9.5,851,177.46
TSU-2025-1071,2021-06-20,Coastal Zone-2,-2.0263,102.4989,6.8,9.5,9.1,3338,819.82
TSU-2018-1072,2020-03-19,Coastal Zone-3,-1.1058,103.5742,8.3,7.9,12.9,2104,489.16
TSU-2019-1073,2022-01-19,Coastal Zone-4,20.3193,134.9398,8.3,1.7,1.7,45,6.63
TSU-2020-1074,2021-02-19,Coastal Zone-5,-1.7787,91.7872,7.6,1.9,4.2,59,9.05
TSU-2021-1075,2023-08-18,Coastal Zone-6,32.2501,124.6308,6.6,4.0,5.1,384,72.75
TSU-2022-1076,2024-07-31,Coastal Zone-7,34.2879,127.6821,7.0,6.5,7.1,1292,283.3
TSU-2023-1077,2020-02-12,Coastal Zone-8,12.5766,133.0832,8.5,6.9,3.7,1500,334.86
TSU-2024-1078,2019-06-24,Coastal Zone-9,34.8822,131.0846,7.5,3.5,3.6,275,50.06
TSU-2025-1079,2023-03-26,Coastal Zone-10,29.2922,72.2514,8.2,5.7,2.9,930,196.13
TSU-2018-1080,2019-06-11,Coastal Zone-1,28.3728,87.3002,7.7,7.6,13.2,1910,438.9
TSU-2019-1081,2024-10-26,Coastal Zone-2,26.2692,82.5519,7.8,6.0,4.0,1058,226.42
TSU-2020-1082,2018-12-17,Coastal Zone-3,29.2605,131.3676,8.5,0.9,1.6,9,1.12
TSU-2021-1083,2021-09-20,Coastal Zone-4,4.8661,86.1798,6.5,5.3,3.1,776,159.98
TSU-2022-1084,2018-04-08,Coastal Zone-5,2.5848,112.6807,8.0,1.7,2.4,45,6.63
TSU-2023-1085,2024-06-14,Coastal Zone-6,19.207,131.7968,6.6,6.1,5.7,1102,237.15
TSU-2024-1086,2019-11-18,Coastal Zone-7,31.2786,102.1607,8.9,3.6,8.7,295,54.17
TSU-2025-1087,2018-08-06,Coastal Zone-8,2.8258,121.1372,6.9,8.6,17.6,2602,620.42
TSU-2018-1088,2020-07-05,Coastal Zone-9,1.8105,93.0015,7.3,2.2,5.2,86,13.64
TSU-2019-1089,2021-08-14,Coastal Zone-10,8.9482,84.1602,7.6,4.1,8.4,408,77.96
TSU-2020-1090,2021-09-19,Coastal Zone-1,-0.6818,96.3925,8.2,0.7,1.4,4,0.55
TSU-2021-1091,2024-03-29,Coastal Zone-2,10.5025,125.9818,8.4,4.5,2.8,515,101.18
TSU-2022-1092,2024-03-23,Coastal Zone-3,34.5754,89.6276,8.1,3.3,6.0,237,42.46
TSU-2023-1093,2024-09-28,Coastal Zone-4,10.0529,73.6395,7.8,2.0,3.1,67,10.45
TSU-2024-1094,2020-12-26,Coastal Zone-5,1.2745,93.3689,7.7,3.4,6.4,255,46.16
TSU-2025-1095,2019-11-15,Coastal Zone-6,25.7049,72.4033,8.1,4.6,10.3,544,107.6
TSU-2018-1096,2018-09-02,Coastal Zone-7,-0.3127,89.5605,8.3,4.6,6.4,544,107.6
TSU-2019-1097,2021-02-25,Coastal Zone-8,29.2211,72.3675,8.7,1.3,2.7,23,3.13
TSU-2020-1098,2018-09-11,Coastal Zone-9,21.6257,87.1608,8.3,3.2,5.1,219,38.95
TSU-2021-1099,2023-04-25,Coastal Zone-10,25.8356,93.2858,9.1,4.7,7.0,574,114.28
TSU-2022-1100,2018-11-28,Coastal Zone-1,-0.7025,105.6189,6.7,10.0,22.5,3794,946.44
TSU-2023-1101,2023-05-04,Coastal Zone-2,34.6018,99.563,9.2,9.0,21.9,2916,704.64
TSU-2024-1102,2021-10-26,Coastal Zone-3,1.3292,96.2397,8.9,6.4,9.2,1243,271.27
TSU-2025-1103,2023-08-29,Coastal Zone-4,30.0115,85.3429,8.0,6.2,10.3,1148,248.19
TSU-2018-1104,2020-09-23,Coastal Zone-5,30.4952,94.3653,6.6,5.8,13.3,972,205.92
TSU-2019-1105,2020-05-02,Coastal Zone-6,-1.4989,123.1291,6.7,2.9,4.4,171,29.57
TSU-2020-1106,2023-10-24,Coastal Zone-7,23.206,92.1305,7.2,10.8,10.4,4599,1174.03
TSU-2021-1107,2019-09-27,Coastal Zone-8,7.816,120.2844,8.3,4.4,4.7,487,95.01
TSU-2022-1108,2022-03-18,Coastal Zone-9,16.6599,76.9763,9.1,8.0,16.4,2172,506.69
TSU-2023-1109,2024-01-29,Coastal Zone-10,-9.0375,136.0922,7.1,5.7,3.0,930,196.13
TSU-2024-1110,2020-05-10,Coastal Zone-1,26.9716,138.0808,6.7,5.8,7.1,972,205.92
TSU-2025-1111,2021-06-14,Coastal Zone-2,-1.5985,83.8881,6.5,2.8,4.2,157,26.8
TSU-2018-1112,2019-04-21,Coastal Zone-3,7.017,117.8611,7.4,3.5,8.0,275,50.06
TSU-2019-1113,2024-03-11,Coastal Zone-4,14.0066,127.8589,8.8,1.6,1.3,38,5.59
TSU-2020-1114,2019-10-10,Coastal Zone-5,29.3169,125.2619,6.6,2.8,4.8,157,26.8
TSU-2021-1115,2022-10-20,Coastal Zone-6,-1.8331,78.4268,8.5,6.1,13.4,1102,237.15
TSU-2022-1116,2022-12-31,Coastal Zone-7,-0.0138,117.1816,7.8,2.4,3.4,107,17.41
TSU-2023-1117,2019-04-03,Coastal Zone-8,-1.6629,94.8721,6.9,4.6,11.2,544,107.6
TSU-2024-1118,2020-04-05,Coastal Zone-9,2.788,111.3961,8.5,0.9,1.5,9,1.12
TSU-2025-1119,2023-05-18,Coastal Zone-10,-0.919,74.9374,7.8,2.7,5.1,143,24.21
TSU-2018-1120,2019-01-26,Coastal Zone-1,9.9708,89.9436,6.9,7.9,17.6,2104,489.16
TSU-2019-1121,2022-07-09,Coastal Zone-2,30.5013,134.8243,6.7,6.4,11.2,1243,271.27
TSU-2020-1122,2019-10-07,Coastal Zone-3,4.1857,135.8854,7.9,10.1,22.1,3890,973.18
TSU-2021-1123,2024-07-09,Coastal Zone-4,2.8236,97.2759,9.2,9.5,11.7,3338,819.82
TSU-2022-1124,2021-09-20,Coastal Zone-5,18.4163,75.9965,7.1,4.5,4.9,515,101.18
TSU-2023-1125,2019-04-08,Coastal Zone-6,24.0143,75.1089,7.2,4.0,8.1,384,72.75
TSU-2024-1126,2023-10-08,Coastal Zone-7,1.1112,138.4002,6.9,9.2,12.2,3080,749.37
TSU-2025-1127,2022-05-03,Coastal Zone-8,-0.4816,108.9823,8.5,2.9,4.1,171,29.57
TSU-2018-1128,2023-05-20,Coastal Zone-9,7.9522,81.849,7.1,9.0,12.0,2916,704.64
TSU-2019-1129,2024-06-06,Coastal Zone-10,-1.5317,84.8387,8.5,1.8,3.7,52,7.78
TSU-2020-1130,2018-11-13,Coastal Zone-1,9.1087,79.4879,8.3,2.0,1.6,67,10.45
TSU-2021-1131,2020-03-06,Coastal Zone-2,14.7285,117.604,8.8,5.3,7.4,776,159.98
TSU-2022-1132,2024-04-08,Coastal Zone-3,-0.4187,75.5147,7.1,6.7,6.7,1394,308.39
TSU-2023-1133,2024-07-20,Coastal Zone-4,-3.4363,136.8387,6.9,10.7,25.4,4494,1143.84
TSU-2024-1134,2023-12-23,Coastal Zone-5,25.5766,104.3078,8.5,4.6,7.8,544,107.6
TSU-2025-1135,2024-10-18,Coastal Zone-6,7.4914,107.1803,7.4,3.8,3.9,337,63.02
TSU-2018-1136,2024-10-13,Coastal Zone-7,-0.6671,134.8302,7.3,6.4,6.5,1243,271.27
TSU-2019-1137,2022-11-07,Coastal Zone-8,1.8042,85.5771,7.2,3.3,6.2,237,42.46
TSU-2020-1138,2021-06-29,Coastal Zone-9,32.2133,139.5582,7.0,5.5,9.5,851,177.46
TSU-2021-1139,2022-04-28,Coastal Zone-10,16.1623,133.6059,7.2,11.2,14.5,5037,1299.88
TSU-2022-1140,2019-02-04,Coastal Zone-1,13.7559,89.1127,7.6,4.3,6.1,460,89.08
TSU-2023-1141,2019-02-24,Coastal Zone-2,4.039,127.2226,7.5,4.2,9.2,433,83.4
TSU-2024-1142,2024-08-10,Coastal Zone-3,33.8187,97.8007,7.8,4.1,4.0,408,77.96
TSU-2025-1143,2019-02-20,Coastal Zone-4,-1.5706,132.4077,6.8,21.6,29.4,26020,8176.39
TSU-2018-1144,2022-04-17,Coastal Zone-5,10.8599,121.6243,7.3,7.8,11.9,2039,472.02
TSU-2019-1145,2021-02-18,Coastal Zone-6,-8.8514,120.9085,7.0,5.4,11.2,813,168.58
TSU-2020-1146,2024-10-10,Coastal Zone-7,-5.6687,90.0012,8.9,3.9,2.5,360,67.78
TSU-2021-1147,2021-02-25,Coastal Zone-8,23.8855,133.9615,6.5,3.2,4.8,219,38.95
TSU-2022-1148,2021-10-18,Coastal Zone-9,10.703,124.7709,8.9,7.4,13.2,1787,407.32
TSU-2023-1149,2019-06-02,Coastal Zone-10,0.3051,84.0755,6.9,3.9,5.2,360,67.78
